record_id,orig_no,soil_location,sand_pct,silt_pct,clay_pct,soil_gs,ll_pct,pl_pct,pi_pct,d50_um,uscs_astm,omc_untreated_pct,mdd_untreated_kgm3,bio_xg,bio_ch,bio_gg,bio_lg,bio_sls,bio_els,add_ppf,add_rha,add_li,add_swf,add_cw,add_hl,add_fa,add_nl_ns,add_cem,add_pf,add_fa_rc,add_ggbfs,add_gp,additive1_name_raw,additive1_specific_gravity,additive1_dosage_pct,additive2_name_raw,additive2_specific_gravity,palm_fiber_length_mm,additive2_dosage_pct,mixture_gs,mixture_rho_b_kgm3,mixture_rho_d_kgm3,mixture_w_pct,mdd_treated_kgm3,omc_treated_pct,qc_flag_swapped_mdd_omc,cbr_condition_raw,cbr_condition,cbr_penetration_mm,curing_raw,curing_days,curing_inferred,curing_notes,cbr_value_pct,cbr_qualifier,source_ref_raw,source_doi,study_id
1,1,"Hoj Village, Papum Pare District, Arunachal Pradesh, India",,,,2.69,22.8,,,360.0,,11.48,1783.0,0,0,1,0,0,0,0,0,0,0,0,0,1,0,0,0,0,0.0,0,Guar gum,,0.0,Fly ash,,,0.0,,,,,1783.0,11.48,0,soaked,soaked,,after 96 h of the treatment,4.0,0,after 96 h of the treatment,4.72,,https://doi.org/10.1007/978-981-96-1373-1_21,10.1007/978-981-96-1373-1_21,S01
2,2,"Hoj Village, Papum Pare District, Arunachal Pradesh, India",,,,2.69,22.8,,,360.0,,11.48,1783.0,0,0,1,0,0,0,0,0,0,0,0,0,1,0,0,0,0,0.0,0,Guar gum,,0.0,Fly ash,,,0.0,,,,,1783.0,11.48,0,unsoaked,unsoaked,,1st day of treatment,1.0,0,1st day of treatment,6.34,,https://doi.org/10.1007/978-981-96-1373-1_21,10.1007/978-981-96-1373-1_21,S01
3,3,"Hoj Village, Papum Pare District, Arunachal Pradesh, India",,,,2.69,22.8,,,360.0,,11.48,1783.0,0,0,1,0,0,0,0,0,0,0,0,0,1,0,0,0,0,0.0,0,Guar gum,,0.5,Fly ash,,,5.0,,,,,1718.0,12.69,0,soaked,soaked,,after 96 h of the treatment,4.0,0,after 96 h of the treatment,5.03,,https://doi.org/10.1007/978-981-96-1373-1_21,10.1007/978-981-96-1373-1_21,S01
4,4,"Hoj Village, Papum Pare District, Arunachal Pradesh, India",,,,2.69,22.8,,,360.0,,11.48,1783.0,0,0,1,0,0,0,0,0,0,0,0,0,1,0,0,0,0,0.0,0,Guar gum,,0.5,Fly ash,,,5.0,,,,,1718.0,12.69,0,unsoaked,unsoaked,,1st day of treatment,1.0,0,1st day of treatment,7.78,,https://doi.org/10.1007/978-981-96-1373-1_21,10.1007/978-981-96-1373-1_21,S01
5,5,"Hoj Village, Papum Pare District, Arunachal Pradesh, India",,,,2.69,22.8,,,360.0,,11.48,1783.0,0,0,1,0,0,0,0,0,0,0,0,0,1,0,0,0,0,0.0,0,Guar gum,,1.0,Fly ash,,,5.0,,,,,1698.0,13.18,0,soaked,soaked,,after 96 h of the treatment,4.0,0,after 96 h of the treatment,5.56,,https://doi.org/10.1007/978-981-96-1373-1_21,10.1007/978-981-96-1373-1_21,S01
6,6,"Hoj Village, Papum Pare District, Arunachal Pradesh, India",,,,2.69,22.8,,,360.0,,11.48,1783.0,0,0,1,0,0,0,0,0,0,0,0,0,1,0,0,0,0,0.0,0,Guar gum,,1.0,Fly ash,,,5.0,,,,,1698.0,13.18,0,unsoaked,unsoaked,,1st day of treatment,1.0,0,1st day of treatment,8.42,,https://doi.org/10.1007/978-981-96-1373-1_21,10.1007/978-981-96-1373-1_21,S01
7,7,"Hoj Village, Papum Pare District, Arunachal Pradesh, India",,,,2.69,22.8,,,360.0,,11.48,1783.0,0,0,1,0,0,0,0,0,0,0,0,0,1,0,0,0,0,0.0,0,Guar gum,,1.5,Fly ash,,,5.0,,,,,1640.0,14.52,0,soaked,soaked,,after 96 h of the treatment,4.0,0,after 96 h of the treatment,6.34,,https://doi.org/10.1007/978-981-96-1373-1_21,10.1007/978-981-96-1373-1_21,S01
8,8,"Hoj Village, Papum Pare District, Arunachal Pradesh, India",,,,2.69,22.8,,,360.0,,11.48,1783.0,0,0,1,0,0,0,0,0,0,0,0,0,1,0,0,0,0,0.0,0,Guar gum,,1.5,Fly ash,,,5.0,,,,,1640.0,14.52,0,unsoaked,unsoaked,,1st day of treatment,1.0,0,1st day of treatment,1.022,,https://doi.org/10.1007/978-981-96-1373-1_21,10.1007/978-981-96-1373-1_21,S01
9,9,"Hoj Village, Papum Pare District, Arunachal Pradesh, India",,,,2.69,22.8,,,360.0,,11.48,1783.0,0,0,1,0,0,0,0,0,0,0,0,0,1,0,0,0,0,0.0,0,Guar gum,,2.0,Fly ash,,,5.0,,,,,1586.0,15.4,0,soaked,soaked,,after 96 h of the treatment,4.0,0,after 96 h of the treatment,7.69,,https://doi.org/10.1007/978-981-96-1373-1_21,10.1007/978-981-96-1373-1_21,S01
10,10,"Hoj Village, Papum Pare District, Arunachal Pradesh, India",,,,2.69,22.8,,,360.0,,11.48,1783.0,0,0,1,0,0,0,0,0,0,0,0,0,1,0,0,0,0,0.0,0,Guar gum,,2.0,Fly ash,,,5.0,,,,,1586.0,15.4,0,unsoaked,unsoaked,,1st day of treatment,1.0,0,1st day of treatment,12.31,,https://doi.org/10.1007/978-981-96-1373-1_21,10.1007/978-981-96-1373-1_21,S01
11,11,"Hoj Village, Papum Pare District, Arunachal Pradesh, India",,,,2.69,22.8,,,360.0,,11.48,1783.0,0,0,1,0,0,0,0,0,0,0,0,0,1,0,0,0,0,0.0,0,Guar gum,,2.5,Fly ash,,,5.0,,,,,1613.0,14.76,0,soaked,soaked,,after 96 h of the treatment,4.0,0,after 96 h of the treatment,5.21,,https://doi.org/10.1007/978-981-96-1373-1_21,10.1007/978-981-96-1373-1_21,S01
12,12,"Hoj Village, Papum Pare District, Arunachal Pradesh, India",,,,2.69,22.8,,,360.0,,11.48,1783.0,0,0,1,0,0,0,0,0,0,0,0,0,1,0,0,0,0,0.0,0,Guar gum,,2.5,Fly ash,,,5.0,,,,,1613.0,14.76,0,unsoaked,unsoaked,,1st day of treatment,1.0,0,1st day of treatment,9.71,,https://doi.org/10.1007/978-981-96-1373-1_21,10.1007/978-981-96-1373-1_21,S01
13,13,"Hilltop area, Nsukka, Nigeria ",26.0,,,2.65,36.5,10.7,25.8,100.0,CL,19.8,1730.0,0,0,1,0,0,0,0,0,0,0,0,1,0,0,0,0,0,0.0,0,Guar gum,,0.0,Hydrated Lime,,,0.0,,,,,,,0,soaked,soaked,2.5,no curing,0.0,0,no curing,10.5,,https://doi.org/10.1007/s12517-022-09552-y,10.1007/s12517-022-09552-y,S03
14,14,"Hilltop area, Nsukka, Nigeria ",26.0,,,2.65,36.5,10.7,25.8,100.0,CL,19.8,1730.0,0,0,1,0,0,0,0,0,0,0,0,1,0,0,0,0,0,0.0,0,Guar gum,,0.0,Hydrated Lime,,,0.0,,,,,,,0,soaked,soaked,2.5,7 day,7.0,0,7 day,10.5,,https://doi.org/10.1007/s12517-022-09552-y,10.1007/s12517-022-09552-y,S03
15,15,"Hilltop area, Nsukka, Nigeria ",26.0,,,2.65,36.5,10.7,25.8,100.0,CL,19.8,1730.0,0,0,1,0,0,0,0,0,0,0,0,1,0,0,0,0,0,0.0,0,Guar gum,,0.0,Hydrated Lime,,,0.0,,,,,,,0,unsoaked,unsoaked,2.5,no curing,0.0,0,no curing,11.9,,https://doi.org/10.1007/s12517-022-09552-y,10.1007/s12517-022-09552-y,S03
16,16,"Hilltop area, Nsukka, Nigeria ",26.0,,,2.65,36.5,10.7,25.8,100.0,CL,19.8,1730.0,0,0,1,0,0,0,0,0,0,0,0,1,0,0,0,0,0,0.0,0,Guar gum,,0.0,Hydrated Lime,,,0.0,,,,,,,0,unsoaked,unsoaked,2.5,7 day,7.0,0,7 day,11.9,,https://doi.org/10.1007/s12517-022-09552-y,10.1007/s12517-022-09552-y,S03
17,17,"Hilltop area, Nsukka, Nigeria ",26.0,,,2.65,36.5,10.7,25.8,100.0,CL,19.8,1730.0,0,0,1,0,0,0,0,0,0,0,0,1,0,0,0,0,0,0.0,0,Guar gum,,0.0,Hydrated Lime,,,3.0,,,,,,,0,soaked,soaked,2.5,no curing,0.0,0,no curing,25.477,,https://doi.org/10.1007/s12517-022-09552-y,10.1007/s12517-022-09552-y,S03
18,18,"Hilltop area, Nsukka, Nigeria ",26.0,,,2.65,36.5,10.7,25.8,100.0,CL,19.8,1730.0,0,0,1,0,0,0,0,0,0,0,0,1,0,0,0,0,0,0.0,0,Guar gum,,0.0,Hydrated Lime,,,3.0,,,,,,,0,soaked,soaked,2.5,7 day,7.0,0,7 day,27.794,,https://doi.org/10.1007/s12517-022-09552-y,10.1007/s12517-022-09552-y,S03
19,19,"Hilltop area, Nsukka, Nigeria ",26.0,,,2.65,36.5,10.7,25.8,100.0,CL,19.8,1730.0,0,0,1,0,0,0,0,0,0,0,0,1,0,0,0,0,0,0.0,0,Guar gum,,0.0,Hydrated Lime,,,3.0,,,,,,,0,unsoaked,unsoaked,2.5,no curing,0.0,0,no curing,28.364,,https://doi.org/10.1007/s12517-022-09552-y,10.1007/s12517-022-09552-y,S03
20,20,"Hilltop area, Nsukka, Nigeria ",26.0,,,2.65,36.5,10.7,25.8,100.0,CL,19.8,1730.0,0,0,1,0,0,0,0,0,0,0,0,1,0,0,0,0,0,0.0,0,Guar gum,,0.0,Hydrated Lime,,,3.0,,,,,,,0,unsoaked,unsoaked,2.5,7 day,7.0,0,7 day,33.828,,https://doi.org/10.1007/s12517-022-09552-y,10.1007/s12517-022-09552-y,S03
21,21,"Hilltop area, Nsukka, Nigeria ",26.0,,,2.65,36.5,10.7,25.8,100.0,CL,19.8,1730.0,0,0,1,0,0,0,0,0,0,0,0,1,0,0,0,0,0,0.0,0,Guar gum,,0.1,Hydrated Lime,,,3.0,,,,,,,0,soaked,soaked,2.5,no curing,0.0,0,no curing,32.922,,https://doi.org/10.1007/s12517-022-09552-y,10.1007/s12517-022-09552-y,S03
22,22,"Hilltop area, Nsukka, Nigeria ",26.0,,,2.65,36.5,10.7,25.8,100.0,CL,19.8,1730.0,0,0,1,0,0,0,0,0,0,0,0,1,0,0,0,0,0,0.0,0,Guar gum,,0.1,Hydrated Lime,,,3.0,,,,,,,0,soaked,soaked,2.5,7 day,7.0,0,7 day,43.11,,https://doi.org/10.1007/s12517-022-09552-y,10.1007/s12517-022-09552-y,S03
23,23,"Hilltop area, Nsukka, Nigeria ",26.0,,,2.65,36.5,10.7,25.8,100.0,CL,19.8,1730.0,0,0,1,0,0,0,0,0,0,0,0,1,0,0,0,0,0,0.0,0,Guar gum,,0.1,Hydrated Lime,,,3.0,,,,,,,0,unsoaked,unsoaked,2.5,no curing,0.0,0,no curing,46.84,,https://doi.org/10.1007/s12517-022-09552-y,10.1007/s12517-022-09552-y,S03
24,24,"Hilltop area, Nsukka, Nigeria ",26.0,,,2.65,36.5,10.7,25.8,100.0,CL,19.8,1730.0,0,0,1,0,0,0,0,0,0,0,0,1,0,0,0,0,0,0.0,0,Guar gum,,0.1,Hydrated Lime,,,3.0,,,,,,,0,unsoaked,unsoaked,2.5,7 day,7.0,0,7 day,55.947,,https://doi.org/10.1007/s12517-022-09552-y,10.1007/s12517-022-09552-y,S03
25,25,"Hilltop area, Nsukka, Nigeria ",26.0,,,2.65,36.5,10.7,25.8,100.0,CL,19.8,1730.0,0,0,1,0,0,0,0,0,0,0,0,1,0,0,0,0,0,,0,Guar gum,,0.2,Hydrated Lime,,,3.0,,,,,,,0,soaked,soaked,2.5,no curing,0.0,0,no curing,30.11,,https://doi.org/10.1007/s12517-022-09552-y,10.1007/s12517-022-09552-y,S03
26,26,"Hilltop area, Nsukka, Nigeria ",26.0,,,2.65,36.5,10.7,25.8,100.0,CL,19.8,1730.0,0,0,1,0,0,0,0,0,0,0,0,1,0,0,0,0,0,0.0,0,Guar gum,,0.2,Hydrated Lime,,,3.0,,,,,,,0,soaked,soaked,2.5,7 day,7.0,0,7 day,50.955,,https://doi.org/10.1007/s12517-022-09552-y,10.1007/s12517-022-09552-y,S03
27,27,"Hilltop area, Nsukka, Nigeria ",26.0,,,2.65,36.5,10.7,25.8,100.0,CL,19.8,1730.0,0,0,1,0,0,0,0,0,0,0,0,1,0,0,0,0,0,0.0,0,Guar gum,,0.2,Hydrated Lime,,,3.0,,,,,,,0,unsoaked,unsoaked,2.5,no curing,0.0,0,no curing,50.483,,https://doi.org/10.1007/s12517-022-09552-y,10.1007/s12517-022-09552-y,S03
28,28,"Hilltop area, Nsukka, Nigeria ",26.0,,,2.65,36.5,10.7,25.8,100.0,CL,19.8,1730.0,0,0,1,0,0,0,0,0,0,0,0,1,0,0,0,0,0,0.0,0,Guar gum,,0.2,Hydrated Lime,,,3.0,,,,,,,0,unsoaked,unsoaked,2.5,7 day,7.0,0,7 day,59.07,,https://doi.org/10.1007/s12517-022-09552-y,10.1007/s12517-022-09552-y,S03
29,29,"Hilltop area, Nsukka, Nigeria ",26.0,,,2.65,36.5,10.7,25.8,100.0,CL,19.8,1730.0,0,0,1,0,0,0,0,0,0,0,0,1,0,0,0,0,0,0.0,0,Guar gum,,0.3,Hydrated Lime,,,3.0,,,,,,,0,soaked,soaked,2.5,no curing,0.0,0,no curing,20.514,,https://doi.org/10.1007/s12517-022-09552-y,10.1007/s12517-022-09552-y,S03
30,30,"Hilltop area, Nsukka, Nigeria ",26.0,,,2.65,36.5,10.7,25.8,100.0,CL,19.8,1730.0,0,0,1,0,0,0,0,0,0,0,0,1,0,0,0,0,0,0.0,0,Guar gum,,0.3,Hydrated Lime,,,3.0,,,,,,,0,soaked,soaked,2.5,7 day,7.0,0,7 day,78.587,,https://doi.org/10.1007/s12517-022-09552-y,10.1007/s12517-022-09552-y,S03
31,31,"Hilltop area, Nsukka, Nigeria ",26.0,,,2.65,36.5,10.7,25.8,100.0,CL,19.8,1730.0,0,0,1,0,0,0,0,0,0,0,0,1,0,0,0,0,0,0.0,0,Guar gum,,0.3,Hydrated Lime,,,3.0,,,,,,,0,unsoaked,unsoaked,2.5,no curing,0.0,0,no curing,91.338,,https://doi.org/10.1007/s12517-022-09552-y,10.1007/s12517-022-09552-y,S03
32,32,"Hilltop area, Nsukka, Nigeria ",26.0,,,2.65,36.5,10.7,25.8,100.0,CL,19.8,1730.0,0,0,1,0,0,0,0,0,0,0,0,1,0,0,0,0,0,0.0,0,Guar gum,,0.3,Hydrated Lime,,,3.0,,,,,,,0,unsoaked,unsoaked,2.5,7 day,7.0,0,7 day,122.304,,https://doi.org/10.1007/s12517-022-09552-y,10.1007/s12517-022-09552-y,S03
33,33,"The center of Afyonkarahisar, Turkey",,,,2.62,48.6,23.0,,2276.0,CL,21.9,1580.0,0,0,0,0,1,0,0,0,0,0,0,0,0,0,0,0,0,0.0,1,sodium lignosulfonate,,0.0,Glass Powder,,,0.0,,,,,1470.0,24.1,0,unsoaked,unsoaked,2.5,optimum moisture content,,0,optimum moisture content,4.5,,https://doi.org/10.3390/app14177532,10.3390/app14177532,S17
34,34,"The center of Afyonkarahisar, Turkey",,,,2.62,48.6,23.0,,2276.0,CL,21.9,1580.0,0,0,0,0,1,0,0,0,0,0,0,0,0,0,0,0,0,0.0,1,sodium lignosulfonate,,0.0,Glass Powder,,,0.0,,,,,1470.0,24.1,0,soaked,soaked,2.5,after soaking the specimens in water for 4 days,4.0,0,after soaking the specimens in water for 4 days,4.3,,https://doi.org/10.3390/app14177532,10.3390/app14177532,S17
35,35,"The center of Afyonkarahisar, Turkey",,,,2.62,48.6,23.0,,2276.0,CL,21.9,1580.0,0,0,0,0,1,0,0,0,0,0,0,0,0,0,0,0,0,0.0,1,sodium lignosulfonate,,5.0,Glass Powder,,,5.0,,,,,1570.0,22.3,0,unsoaked,unsoaked,2.5,optimum moisture content,,0,optimum moisture content,2.4,,https://doi.org/10.3390/app14177532,10.3390/app14177532,S17
36,36,"The center of Afyonkarahisar, Turkey",,,,2.62,48.6,23.0,,2276.0,CL,21.9,1580.0,0,0,0,0,1,0,0,0,0,0,0,0,0,0,0,0,0,0.0,1,sodium lignosulfonate,,5.0,Glass Powder,,,5.0,,,,,1570.0,22.3,0,soaked,soaked,2.5,after soaking the specimens in water for 4 days,4.0,0,after soaking the specimens in water for 4 days,4.1,,https://doi.org/10.3390/app14177532,10.3390/app14177532,S17
37,37,"The center of Afyonkarahisar, Turkey",,,,2.62,48.6,23.0,,2276.0,CL,21.9,1580.0,0,0,0,0,1,0,0,0,0,0,0,0,0,0,0,0,0,0.0,1,sodium lignosulfonate,,10.0,Glass Powder,,,10.0,,,,,1590.0,19.6,0,unsoaked,unsoaked,2.5,optimum moisture content,,0,optimum moisture content,2.55,,https://doi.org/10.3390/app14177532,10.3390/app14177532,S17
38,38,"The center of Afyonkarahisar, Turkey",,,,2.62,48.6,23.0,,2276.0,CL,21.9,1580.0,0,0,0,0,1,0,0,0,0,0,0,0,0,0,0,0,0,0.0,1,sodium lignosulfonate,,10.0,Glass Powder,,,10.0,,,,,1590.0,19.6,0,soaked,soaked,2.5,after soaking the specimens in water for 4 days,4.0,0,after soaking the specimens in water for 4 days,4.6,,https://doi.org/10.3390/app14177532,10.3390/app14177532,S17
39,39,"The center of Afyonkarahisar, Turkey",,,,2.62,48.6,23.0,,2276.0,CL,21.9,1580.0,0,0,0,0,1,0,0,0,0,0,0,0,0,0,0,0,0,0.0,1,sodium lignosulfonate,,15.0,Glass Powder,,,15.0,,,,,1630.0,16.1,0,unsoaked,unsoaked,2.5,optimum moisture content,,0,optimum moisture content,3.4,,https://doi.org/10.3390/app14177532,10.3390/app14177532,S17
40,40,"The center of Afyonkarahisar, Turkey",,,,2.62,48.6,23.0,,2276.0,CL,21.9,1580.0,0,0,0,0,1,0,0,0,0,0,0,0,0,0,0,0,0,0.0,1,sodium lignosulfonate,,15.0,Glass Powder,,,15.0,,,,,1630.0,16.1,0,soaked,soaked,2.5,after soaking the specimens in water for 4 days,4.0,0,after soaking the specimens in water for 4 days,6.3,,https://doi.org/10.3390/app14177532,10.3390/app14177532,S17
41,41," Lianyungang City, Jiangsu Province, China",,,,2.7,41.18,19.86,21.32,,Silty Clay,20.63,1610.0,0,0,0,1,0,0,0,0,0,0,0,0,0,0,0,0,0,1.0,0,Lignin,,0.0,Ground Granulated Blast-furnace Slag,3.1,,0.0,,,,,1590.0,20.63,0,,,2.5,7,7.0,0,,5.2,,https://doi.org/10.3390/buildings15010038,10.3390/buildings15010038,S18
42,42," Lianyungang City, Jiangsu Province, China",,,,2.7,41.18,19.86,21.32,,Silty Clay,20.63,1610.0,0,0,0,1,0,0,0,0,0,0,0,0,0,0,0,0,0,1.0,0,Lignin,,0.0,Ground Granulated Blast-furnace Slag,3.1,,0.0,,,,,1590.0,20.63,0,,,2.5,14,14.0,0,,6.16,,https://doi.org/10.3390/buildings15010038,10.3390/buildings15010038,S18
43,43," Lianyungang City, Jiangsu Province, China",,,,2.7,41.18,19.86,21.32,,Silty Clay,20.63,1610.0,0,0,0,1,0,0,0,0,0,0,0,0,0,0,0,0,0,1.0,0,Lignin,,0.0,Ground Granulated Blast-furnace Slag,3.1,,0.0,,,,,1590.0,20.63,0,,,2.5,28,28.0,0,,7.313,,https://doi.org/10.3390/buildings15010038,10.3390/buildings15010038,S18
44,44," Lianyungang City, Jiangsu Province, China",,,,2.7,41.18,19.86,21.32,,Silty Clay,20.63,1610.0,0,0,0,1,0,0,0,0,0,0,0,0,0,0,0,0,0,1.0,0,Lignin,,12.0,Ground Granulated Blast-furnace Slag,3.1,,0.0,,,,,1650.0,21.98,0,,,2.5,7,7.0,0,,12.465,,https://doi.org/10.3390/buildings15010038,10.3390/buildings15010038,S18
45,45," Lianyungang City, Jiangsu Province, China",,,,2.7,41.18,19.86,21.32,,Silty Clay,20.63,1610.0,0,0,0,1,0,0,0,0,0,0,0,0,0,0,0,0,0,1.0,0,Lignin,,12.0,Ground Granulated Blast-furnace Slag,3.1,,0.0,,,,,1650.0,21.98,0,,,2.5,14,14.0,0,,14.756,,https://doi.org/10.3390/buildings15010038,10.3390/buildings15010038,S18
46,46," Lianyungang City, Jiangsu Province, China",,,,2.7,41.18,19.86,21.32,,Silty Clay,20.63,1610.0,0,0,0,1,0,0,0,0,0,0,0,0,0,0,0,0,0,1.0,0,Lignin,,12.0,Ground Granulated Blast-furnace Slag,3.1,,0.0,,,,,1650.0,21.98,0,,,2.5,28,28.0,0,,17.164,,https://doi.org/10.3390/buildings15010038,10.3390/buildings15010038,S18
47,47," Lianyungang City, Jiangsu Province, China",,,,2.7,41.18,19.86,21.32,,Silty Clay,20.63,1610.0,0,0,0,1,0,0,0,0,0,0,0,0,0,0,0,0,0,1.0,0,Lignin,,8.0,Ground Granulated Blast-furnace Slag,3.1,,4.0,,,,,1640.0,21.78,0,,,2.5,7,7.0,0,,20.958,,https://doi.org/10.3390/buildings15010038,10.3390/buildings15010038,S18
48,48," Lianyungang City, Jiangsu Province, China",,,,2.7,41.18,19.86,21.32,,Silty Clay,20.63,1610.0,0,0,0,1,0,0,0,0,0,0,0,0,0,0,0,0,0,1.0,0,Lignin,,8.0,Ground Granulated Blast-furnace Slag,3.1,,4.0,,,,,1640.0,21.78,0,,,2.5,14,14.0,0,,26.074,,https://doi.org/10.3390/buildings15010038,10.3390/buildings15010038,S18
49,49," Lianyungang City, Jiangsu Province, China",,,,2.7,41.18,19.86,21.32,,Silty Clay,20.63,1610.0,0,0,0,1,0,0,0,0,0,0,0,0,0,0,0,0,0,1.0,0,Lignin,,8.0,Ground Granulated Blast-furnace Slag,3.1,,4.0,,,,,1640.0,21.78,0,,,2.5,28,28.0,0,,29.08,,https://doi.org/10.3390/buildings15010038,10.3390/buildings15010038,S18
50,50," Lianyungang City, Jiangsu Province, China",,,,2.7,41.18,19.86,21.32,,Silty Clay,20.63,1610.0,0,0,0,1,0,0,0,0,0,0,0,0,0,0,0,0,0,1.0,0,Lignin,,4.0,Ground Granulated Blast-furnace Slag,3.1,,8.0,,,,,1620.0,19.73,0,,,2.5,7,7.0,0,,27.534,,https://doi.org/10.3390/buildings15010038,10.3390/buildings15010038,S18
51,51," Lianyungang City, Jiangsu Province, China",,,,2.7,41.18,19.86,21.32,,Silty Clay,20.63,1610.0,0,0,0,1,0,0,0,0,0,0,0,0,0,0,0,0,0,1.0,0,Lignin,,4.0,Ground Granulated Blast-furnace Slag,3.1,,8.0,,,,,1620.0,19.73,0,,,2.5,14,14.0,0,,34.383,,https://doi.org/10.3390/buildings15010038,10.3390/buildings15010038,S18
52,52," Lianyungang City, Jiangsu Province, China",,,,2.7,41.18,19.86,21.32,,Silty Clay,20.63,1610.0,0,0,0,1,0,0,0,0,0,0,0,0,0,0,0,0,0,1.0,0,Lignin,,4.0,Ground Granulated Blast-furnace Slag,3.1,,8.0,,,,,1620.0,19.73,0,,,2.5,28,28.0,0,,40.652,,https://doi.org/10.3390/buildings15010038,10.3390/buildings15010038,S18
53,53," Lianyungang City, Jiangsu Province, China",,,,2.7,41.18,19.86,21.32,,Silty Clay,20.63,1610.0,0,0,0,1,0,0,0,0,0,0,0,0,0,0,0,0,0,1.0,0,Lignin,,0.0,Ground Granulated Blast-furnace Slag,3.1,,12.0,,,,,1610.0,19.1,0,,,2.5,7,7.0,0,,35.616,,https://doi.org/10.3390/buildings15010038,10.3390/buildings15010038,S18
54,54," Lianyungang City, Jiangsu Province, China",,,,2.7,41.18,19.86,21.32,,Silty Clay,20.63,1610.0,0,0,0,1,0,0,0,0,0,0,0,0,0,0,0,0,0,1.0,0,Lignin,,0.0,Ground Granulated Blast-furnace Slag,3.1,,12.0,,,,,1610.0,19.1,0,,,2.5,14,14.0,0,,29.541,,https://doi.org/10.3390/buildings15010038,10.3390/buildings15010038,S18
55,55," Lianyungang City, Jiangsu Province, China",,,,2.7,41.18,19.86,21.32,,Silty Clay,20.63,1610.0,0,0,0,1,0,0,0,0,0,0,0,0,0,0,0,0,0,1.0,0,Lignin,,0.0,Ground Granulated Blast-furnace Slag,3.1,,12.0,,,,,1610.0,19.1,0,,,2.5,28,28.0,0,,41.839,,https://doi.org/10.3390/buildings15010038,10.3390/buildings15010038,S18
56,58,Kaolinite soil,8.0,26.0,66.0,2.68,38.3,19.0,19.2,0.21,CL,24.9,1580.0,0,0,1,0,0,0,0,0,0,0,0,0,0,0,0,1,0,0.0,0,Guar gum,2.51,1.5,palm fibr,,5.0,0.2,,,,,1410.0,29.1,0,,,,not mention but can be 14 day,14.0,1,not mention but can be 14 day,22.4,,https://doi.org/10.1007/s10064-024-04064-3,10.1007/s10064-024-04064-3,S02
57,59,Kaolinite soil,8.0,26.0,66.0,2.68,38.3,19.0,19.2,0.21,CL,24.9,1580.0,0,0,1,0,0,0,0,0,0,0,0,0,0,0,0,1,0,0.0,0,Guar gum,2.51,1.5,palm fibr,,10.0,0.2,,,,,1410.0,29.1,0,,,,not mention but can be 14 day,14.0,1,not mention but can be 14 day,24.3,,https://doi.org/10.1007/s10064-024-04064-3,10.1007/s10064-024-04064-3,S02
58,60,Kaolinite soil,8.0,26.0,66.0,2.68,38.3,19.0,19.2,0.21,CL,24.9,1580.0,0,0,1,0,0,0,0,0,0,0,0,0,0,0,0,1,0,0.0,0,Guar gum,2.51,1.5,palm fibr,,15.0,0.5,,,,,1410.0,29.1,0,,,,not mention but can be 14 day,14.0,1,not mention but can be 14 day,26.7,,https://doi.org/10.1007/s10064-024-04064-3,10.1007/s10064-024-04064-3,S02
59,61,Kaolinite soil,8.0,26.0,66.0,2.68,38.3,19.0,19.2,0.21,CL,24.9,1580.0,0,0,1,0,0,0,0,0,0,0,0,0,0,0,0,1,0,0.0,0,Guar gum,2.51,1.5,palm fibr,,5.0,0.4,,,,,1390.0,29.8,0,,,,not mention but can be 14 day,14.0,1,not mention but can be 14 day,25.12,,https://doi.org/10.1007/s10064-024-04064-3,10.1007/s10064-024-04064-3,S02
60,62,Kaolinite soil,8.0,26.0,66.0,2.68,38.3,19.0,19.2,0.21,CL,24.9,1580.0,0,0,1,0,0,0,0,0,0,0,0,0,0,0,0,1,0,0.0,0,Guar gum,2.51,1.5,palm fibr,,10.0,0.4,,,,,1390.0,29.8,0,,,,not mention but can be 14 day,14.0,1,not mention but can be 14 day,27.14,,https://doi.org/10.1007/s10064-024-04064-3,10.1007/s10064-024-04064-3,S02
61,63,Kaolinite soil,8.0,26.0,66.0,2.68,38.3,19.0,19.2,0.21,CL,24.9,1580.0,0,0,1,0,0,0,0,0,0,0,0,0,0,0,0,1,0,0.0,0,Guar gum,2.51,1.5,palm fibr,,15.0,0.4,,,,,1390.0,29.8,0,,,,not mention but can be 14 day,14.0,1,not mention but can be 14 day,31.16,,https://doi.org/10.1007/s10064-024-04064-3,10.1007/s10064-024-04064-3,S02
62,64,Kaolinite soil,8.0,26.0,66.0,2.68,38.3,19.0,19.2,0.21,CL,24.9,1580.0,0,0,1,0,0,0,0,0,0,0,0,0,0,0,0,1,0,0.0,0,Guar gum,2.51,1.5,palm fibr,,5.0,0.6,,,,,1340.0,31.2,0,,,,not mention but can be 14 day,14.0,1,not mention but can be 14 day,26.11,,https://doi.org/10.1007/s10064-024-04064-3,10.1007/s10064-024-04064-3,S02
63,65,Kaolinite soil,8.0,26.0,66.0,2.68,38.3,19.0,19.2,0.21,CL,24.9,1580.0,0,0,1,0,0,0,0,0,0,0,0,0,0,0,0,1,0,0.0,0,Guar gum,2.51,1.5,palm fibr,,10.0,0.6,,,,,1340.0,31.2,0,,,,not mention but can be 14 day,14.0,1,not mention but can be 14 day,28.13,,https://doi.org/10.1007/s10064-024-04064-3,10.1007/s10064-024-04064-3,S02
64,66,Kaolinite soil,8.0,26.0,66.0,2.68,38.3,19.0,19.2,0.21,CL,24.9,1580.0,0,0,1,0,0,0,0,0,0,0,0,0,0,0,0,1,0,0.0,0,Guar gum,2.51,1.5,palm fibr,,15.0,0.6,,,,,1340.0,31.2,0,,,,not mention but can be 14 day,14.0,1,not mention but can be 14 day,30.12,,https://doi.org/10.1007/s10064-024-04064-3,10.1007/s10064-024-04064-3,S02
65,67,"BC soil , North Karnataka, India",24.0,51.0,21.0,2.5,64.0,31.0,33.0,15.7,CH,16.32,1770.0,0,0,0,0,0,1,0,0,0,0,0,0,1,0,0,0,0,0.0,0,Electrolyte Lignin Stabilizer,1.7,0.0,Fly ash,1.975,,0.0,,,,,1770.0,,0,soaked,soaked,,1,1.0,0,,1.0,,https://doi.org/10.1007/s40515-015-0020-0,10.1007/s40515-015-0020-0,S05
66,68,"BC soil , North Karnataka, India",24.0,51.0,21.0,2.5,64.0,31.0,33.0,15.7,CH,16.32,1770.0,0,0,0,0,0,1,0,0,0,0,0,0,1,0,0,0,0,0.0,0,Electrolyte Lignin Stabilizer,1.7,0.0,Fly ash,1.975,,0.0,,,,,1770.0,16.31,0,soaked,soaked,,1,1.0,0,,1.0,,https://doi.org/10.1007/s40515-015-0020-0,10.1007/s40515-015-0020-0,S05
67,69,"BC soil , North Karnataka, India",24.0,51.0,21.0,2.5,64.0,31.0,33.0,15.7,CH,16.32,1770.0,0,0,0,0,0,1,0,0,0,0,0,0,1,0,0,0,0,0.0,0,Electrolyte Lignin Stabilizer,1.7,0.0,Fly ash,1.975,,0.0,,,,,1770.0,,0,soaked,soaked,,1,1.0,0,,1.0,<,https://doi.org/10.1007/s40515-015-0020-0,10.1007/s40515-015-0020-0,S05
68,70,"BC soil , North Karnataka, India",24.0,51.0,21.0,2.5,64.0,31.0,33.0,15.7,CH,16.32,1770.0,0,0,0,0,0,1,0,0,0,0,0,0,1,0,0,0,0,0.0,0,Electrolyte Lignin Stabilizer,1.7,0.0,Fly ash,1.975,,0.0,,,,,1770.0,,0,unsoaked,unsoaked,,1,1.0,0,,25.0,,https://doi.org/10.1007/s40515-015-0020-0,10.1007/s40515-015-0020-0,S05
69,71,"BC soil , North Karnataka, India",24.0,51.0,21.0,2.5,64.0,31.0,33.0,15.7,CH,16.32,1770.0,0,0,0,0,0,1,0,0,0,0,0,0,1,0,0,0,0,0.0,0,Electrolyte Lignin Stabilizer,1.7,0.0,Fly ash,1.975,,0.0,,,,,1770.0,16.31,0,unsoaked,unsoaked,,1,1.0,0,,26.0,,https://doi.org/10.1007/s40515-015-0020-0,10.1007/s40515-015-0020-0,S05
70,72,"BC soil , North Karnataka, India",24.0,51.0,21.0,2.5,64.0,31.0,33.0,15.7,CH,16.32,1770.0,0,0,0,0,0,1,0,0,0,0,0,0,1,0,0,0,0,0.0,0,Electrolyte Lignin Stabilizer,1.7,0.0,Fly ash,1.975,,0.0,,,,,1770.0,,0,unsoaked,unsoaked,,1,1.0,0,,17.0,,https://doi.org/10.1007/s40515-015-0020-0,10.1007/s40515-015-0020-0,S05
71,73,"BC soil , North Karnataka, India",24.0,51.0,21.0,2.5,64.0,31.0,33.0,15.7,CH,16.32,1770.0,0,0,0,0,0,1,0,0,0,0,0,0,1,0,0,0,0,0.0,0,Electrolyte Lignin Stabilizer,1.7,0.0,Fly ash,1.975,,0.0,,,,,1770.0,,0,soaked,soaked,,7,7.0,0,,2.0,,https://doi.org/10.1007/s40515-015-0020-0,10.1007/s40515-015-0020-0,S05
72,74,"BC soil , North Karnataka, India",24.0,51.0,21.0,2.5,64.0,31.0,33.0,15.7,CH,16.32,1770.0,0,0,0,0,0,1,0,0,0,0,0,0,1,0,0,0,0,0.0,0,Electrolyte Lignin Stabilizer,1.7,0.0,Fly ash,1.975,,0.0,,,,,1770.0,16.31,0,soaked,soaked,,7,7.0,0,,1.0,,https://doi.org/10.1007/s40515-015-0020-0,10.1007/s40515-015-0020-0,S05
73,75,"BC soil , North Karnataka, India",24.0,51.0,21.0,2.5,64.0,31.0,33.0,15.7,CH,16.32,1770.0,0,0,0,0,0,1,0,0,0,0,0,0,1,0,0,0,0,0.0,0,Electrolyte Lignin Stabilizer,1.7,0.0,Fly ash,1.975,,0.0,,,,,1770.0,,0,soaked,soaked,,7,7.0,0,,1.0,<,https://doi.org/10.1007/s40515-015-0020-0,10.1007/s40515-015-0020-0,S05
74,76,"BC soil , North Karnataka, India",24.0,51.0,21.0,2.5,64.0,31.0,33.0,15.7,CH,16.32,1770.0,0,0,0,0,0,1,0,0,0,0,0,0,1,0,0,0,0,0.0,0,Electrolyte Lignin Stabilizer,1.7,0.0,Fly ash,1.975,,0.0,,,,,1770.0,,0,unsoaked,unsoaked,,7,7.0,0,,24.0,,https://doi.org/10.1007/s40515-015-0020-0,10.1007/s40515-015-0020-0,S05
75,77,"BC soil , North Karnataka, India",24.0,51.0,21.0,2.5,64.0,31.0,33.0,15.7,CH,16.32,1770.0,0,0,0,0,0,1,0,0,0,0,0,0,1,0,0,0,0,0.0,0,Electrolyte Lignin Stabilizer,1.7,0.0,Fly ash,1.975,,0.0,,,,,1770.0,16.31,0,unsoaked,unsoaked,,7,7.0,0,,28.0,,https://doi.org/10.1007/s40515-015-0020-0,10.1007/s40515-015-0020-0,S05
76,78,"BC soil , North Karnataka, India",24.0,51.0,21.0,2.5,64.0,31.0,33.0,15.7,CH,16.32,1770.0,0,0,0,0,0,1,0,0,0,0,0,0,1,0,0,0,0,0.0,0,Electrolyte Lignin Stabilizer,1.7,0.0,Fly ash,1.975,,0.0,,,,,1770.0,,0,unsoaked,unsoaked,,7,7.0,0,,19.0,,https://doi.org/10.1007/s40515-015-0020-0,10.1007/s40515-015-0020-0,S05
77,79,"BC soil , North Karnataka, India",24.0,51.0,21.0,2.5,64.0,31.0,33.0,15.7,CH,16.32,1770.0,0,0,0,0,0,1,0,0,0,0,0,0,1,0,0,0,0,0.0,0,Electrolyte Lignin Stabilizer,1.7,0.0,Fly ash,1.975,,0.0,,,,,1770.0,,0,soaked,soaked,,28,28.0,0,,1.0,,https://doi.org/10.1007/s40515-015-0020-0,10.1007/s40515-015-0020-0,S05
78,80,"BC soil , North Karnataka, India",24.0,51.0,21.0,2.5,64.0,31.0,33.0,15.7,CH,16.32,1770.0,0,0,0,0,0,1,0,0,0,0,0,0,1,0,0,0,0,0.0,0,Electrolyte Lignin Stabilizer,1.7,0.0,Fly ash,1.975,,0.0,,,,,1770.0,16.31,0,soaked,soaked,,28,28.0,0,,1.0,,https://doi.org/10.1007/s40515-015-0020-0,10.1007/s40515-015-0020-0,S05
79,81,"BC soil , North Karnataka, India",24.0,51.0,21.0,2.5,64.0,31.0,33.0,15.7,CH,16.32,1770.0,0,0,0,0,0,1,0,0,0,0,0,0,1,0,0,0,0,0.0,0,Electrolyte Lignin Stabilizer,1.7,0.0,Fly ash,1.975,,0.0,,,,,1770.0,,0,soaked,soaked,,28,28.0,0,,1.0,<,https://doi.org/10.1007/s40515-015-0020-0,10.1007/s40515-015-0020-0,S05
80,82,"BC soil , North Karnataka, India",24.0,51.0,21.0,2.5,64.0,31.0,33.0,15.7,CH,16.32,1770.0,0,0,0,0,0,1,0,0,0,0,0,0,1,0,0,0,0,0.0,0,Electrolyte Lignin Stabilizer,1.7,0.0,Fly ash,1.975,,0.0,,,,,1770.0,,0,unsoaked,unsoaked,,28,28.0,0,,29.0,,https://doi.org/10.1007/s40515-015-0020-0,10.1007/s40515-015-0020-0,S05
81,83,"BC soil , North Karnataka, India",24.0,51.0,21.0,2.5,64.0,31.0,33.0,15.7,CH,16.32,1770.0,0,0,0,0,0,1,0,0,0,0,0,0,1,0,0,0,0,0.0,0,Electrolyte Lignin Stabilizer,1.7,0.0,Fly ash,1.975,,0.0,,,,,1770.0,16.31,0,unsoaked,unsoaked,,28,28.0,0,,31.0,,https://doi.org/10.1007/s40515-015-0020-0,10.1007/s40515-015-0020-0,S05
82,84,"BC soil , North Karnataka, India",24.0,51.0,21.0,2.5,64.0,31.0,33.0,15.7,CH,16.32,1770.0,0,0,0,0,0,1,0,0,0,0,0,0,1,0,0,0,0,0.0,0,Electrolyte Lignin Stabilizer,1.7,0.0,Fly ash,1.975,,0.0,,,,,1770.0,,0,unsoaked,unsoaked,,28,28.0,0,,21.0,,https://doi.org/10.1007/s40515-015-0020-0,10.1007/s40515-015-0020-0,S05
83,85,"BC soil , North Karnataka, India",24.0,51.0,21.0,2.5,64.0,31.0,33.0,15.7,CH,16.32,1770.0,0,0,0,0,0,1,0,0,0,0,0,0,1,0,0,0,0,0.0,0,Electrolyte Lignin Stabilizer,1.7,,Fly ash,1.975,,0.0,,,,,1770.0,,0,soaked,soaked,,1,1.0,0,,2.0,,https://doi.org/10.1007/s40515-015-0020-0,10.1007/s40515-015-0020-0,S05
84,86,"BC soil , North Karnataka, India",24.0,51.0,21.0,2.5,64.0,31.0,33.0,15.7,CH,16.32,1770.0,0,0,0,0,0,1,0,0,0,0,0,0,1,0,0,0,0,0.0,0,Electrolyte Lignin Stabilizer,1.7,,Fly ash,1.975,,0.0,,,,,1770.0,16.31,0,soaked,soaked,,1,1.0,0,,2.0,,https://doi.org/10.1007/s40515-015-0020-0,10.1007/s40515-015-0020-0,S05
85,87,"BC soil , North Karnataka, India",24.0,51.0,21.0,2.5,64.0,31.0,33.0,15.7,CH,16.32,1770.0,0,0,0,0,0,1,0,0,0,0,0,0,1,0,0,0,0,0.0,0,Electrolyte Lignin Stabilizer,1.7,,Fly ash,1.975,,0.0,,,,,1770.0,,0,soaked,soaked,,1,1.0,0,,1.0,<,https://doi.org/10.1007/s40515-015-0020-0,10.1007/s40515-015-0020-0,S05
86,88,"BC soil , North Karnataka, India",24.0,51.0,21.0,2.5,64.0,31.0,33.0,15.7,CH,16.32,1770.0,0,0,0,0,0,1,0,0,0,0,0,0,1,0,0,0,0,0.0,0,Electrolyte Lignin Stabilizer,1.7,,Fly ash,1.975,,0.0,,,,,1770.0,,0,unsoaked,unsoaked,,1,1.0,0,,18.0,,https://doi.org/10.1007/s40515-015-0020-0,10.1007/s40515-015-0020-0,S05
87,89,"BC soil , North Karnataka, India",24.0,51.0,21.0,2.5,64.0,31.0,33.0,15.7,CH,16.32,1770.0,0,0,0,0,0,1,0,0,0,0,0,0,1,0,0,0,0,0.0,0,Electrolyte Lignin Stabilizer,1.7,,Fly ash,1.975,,0.0,,,,,1770.0,16.31,0,unsoaked,unsoaked,,1,1.0,0,,33.0,,https://doi.org/10.1007/s40515-015-0020-0,10.1007/s40515-015-0020-0,S05
88,90,"BC soil , North Karnataka, India",24.0,51.0,21.0,2.5,64.0,31.0,33.0,15.7,CH,16.32,1770.0,0,0,0,0,0,1,0,0,0,0,0,0,1,0,0,0,0,0.0,0,Electrolyte Lignin Stabilizer,1.7,,Fly ash,1.975,,0.0,,,,,1770.0,,0,unsoaked,unsoaked,,1,1.0,0,,15.0,,https://doi.org/10.1007/s40515-015-0020-0,10.1007/s40515-015-0020-0,S05
89,91,"BC soil , North Karnataka, India",24.0,51.0,21.0,2.5,64.0,31.0,33.0,15.7,CH,16.32,1770.0,0,0,0,0,0,1,0,0,0,0,0,0,1,0,0,0,0,0.0,0,Electrolyte Lignin Stabilizer,1.7,,Fly ash,1.975,,0.0,,,,,1790.0,,0,soaked,soaked,,7,7.0,0,,3.0,,https://doi.org/10.1007/s40515-015-0020-0,10.1007/s40515-015-0020-0,S05
90,92,"BC soil , North Karnataka, India",24.0,51.0,21.0,2.5,64.0,31.0,33.0,15.7,CH,16.32,1770.0,0,0,0,0,0,1,0,0,0,0,0,0,1,0,0,0,0,0.0,0,Electrolyte Lignin Stabilizer,1.7,,Fly ash,1.975,,0.0,,,,,1790.0,16.29,0,soaked,soaked,,7,7.0,0,,4.0,,https://doi.org/10.1007/s40515-015-0020-0,10.1007/s40515-015-0020-0,S05
91,93,"BC soil , North Karnataka, India",24.0,51.0,21.0,2.5,64.0,31.0,33.0,15.7,CH,16.32,1770.0,0,0,0,0,0,1,0,0,0,0,0,0,1,0,0,0,0,0.0,0,Electrolyte Lignin Stabilizer,1.7,,Fly ash,1.975,,0.0,,,,,1790.0,,0,soaked,soaked,,7,7.0,0,,1.0,,https://doi.org/10.1007/s40515-015-0020-0,10.1007/s40515-015-0020-0,S05
92,94,"BC soil , North Karnataka, India",24.0,51.0,21.0,2.5,64.0,31.0,33.0,15.7,CH,16.32,1770.0,0,0,0,0,0,1,0,0,0,0,0,0,1,0,0,0,0,0.0,0,Electrolyte Lignin Stabilizer,1.7,,Fly ash,1.975,,0.0,,,,,1790.0,,0,unsoaked,unsoaked,,7,7.0,0,,23.0,,https://doi.org/10.1007/s40515-015-0020-0,10.1007/s40515-015-0020-0,S05
93,95,"BC soil , North Karnataka, India",24.0,51.0,21.0,2.5,64.0,31.0,33.0,15.7,CH,16.32,1770.0,0,0,0,0,0,1,0,0,0,0,0,0,1,0,0,0,0,0.0,0,Electrolyte Lignin Stabilizer,1.7,,Fly ash,1.975,,0.0,,,,,1790.0,16.29,0,unsoaked,unsoaked,,7,7.0,0,,40.0,,https://doi.org/10.1007/s40515-015-0020-0,10.1007/s40515-015-0020-0,S05
94,96,"BC soil , North Karnataka, India",24.0,51.0,21.0,2.5,64.0,31.0,33.0,15.7,CH,16.32,1770.0,0,0,0,0,0,1,0,0,0,0,0,0,1,0,0,0,0,0.0,0,Electrolyte Lignin Stabilizer,1.7,,Fly ash,1.975,,0.0,,,,,1790.0,,0,unsoaked,unsoaked,,7,7.0,0,,14.0,,https://doi.org/10.1007/s40515-015-0020-0,10.1007/s40515-015-0020-0,S05
95,97,"BC soil , North Karnataka, India",24.0,51.0,21.0,2.5,64.0,31.0,33.0,15.7,CH,16.32,1770.0,0,0,0,0,0,1,0,0,0,0,0,0,1,0,0,0,0,0.0,0,Electrolyte Lignin Stabilizer,1.7,,Fly ash,1.975,,0.0,,,,,1850.0,,0,soaked,soaked,,28,28.0,0,,4.0,,https://doi.org/10.1007/s40515-015-0020-0,10.1007/s40515-015-0020-0,S05
96,98,"BC soil , North Karnataka, India",24.0,51.0,21.0,2.5,64.0,31.0,33.0,15.7,CH,16.32,1770.0,0,0,0,0,0,1,0,0,0,0,0,0,1,0,0,0,0,0.0,0,Electrolyte Lignin Stabilizer,1.7,,Fly ash,1.975,,0.0,,,,,1850.0,16.25,0,soaked,soaked,,28,28.0,0,,5.0,,https://doi.org/10.1007/s40515-015-0020-0,10.1007/s40515-015-0020-0,S05
97,99,"BC soil , North Karnataka, India",24.0,51.0,21.0,2.5,64.0,31.0,33.0,15.7,CH,16.32,1770.0,0,0,0,0,0,1,0,0,0,0,0,0,1,0,0,0,0,0.0,0,Electrolyte Lignin Stabilizer,1.7,,Fly ash,1.975,,0.0,,,,,1850.0,,0,soaked,soaked,,28,28.0,0,,1.0,,https://doi.org/10.1007/s40515-015-0020-0,10.1007/s40515-015-0020-0,S05
98,100,"BC soil , North Karnataka, India",24.0,51.0,21.0,2.5,64.0,31.0,33.0,15.7,CH,16.32,1770.0,0,0,0,0,0,1,0,0,0,0,0,0,1,0,0,0,0,0.0,0,Electrolyte Lignin Stabilizer,1.7,,Fly ash,1.975,,0.0,,,,,1850.0,,0,unsoaked,unsoaked,,28,28.0,0,,26.0,,https://doi.org/10.1007/s40515-015-0020-0,10.1007/s40515-015-0020-0,S05
99,101,"BC soil , North Karnataka, India",24.0,51.0,21.0,2.5,64.0,31.0,33.0,15.7,CH,16.32,1770.0,0,0,0,0,0,1,0,0,0,0,0,0,1,0,0,0,0,0.0,0,Electrolyte Lignin Stabilizer,1.7,,Fly ash,1.975,,0.0,,,,,1850.0,16.25,0,unsoaked,unsoaked,,28,28.0,0,,49.0,,https://doi.org/10.1007/s40515-015-0020-0,10.1007/s40515-015-0020-0,S05
100,102,"BC soil , North Karnataka, India",24.0,51.0,21.0,2.5,64.0,31.0,33.0,15.7,CH,16.32,1770.0,0,0,0,0,0,1,0,0,0,0,0,0,1,0,0,0,0,0.0,0,Electrolyte Lignin Stabilizer,1.7,,Fly ash,1.975,,0.0,,,,,1850.0,,0,unsoaked,unsoaked,,28,28.0,0,,11.0,,https://doi.org/10.1007/s40515-015-0020-0,10.1007/s40515-015-0020-0,S05
101,103,"BC soil , North Karnataka, India",24.0,51.0,21.0,2.5,64.0,31.0,33.0,15.7,CH,16.32,1770.0,0,0,0,0,0,1,0,0,0,0,0,0,1,0,0,0,0,0.0,0,Electrolyte Lignin Stabilizer,1.7,0.0,Fly ash,1.975,,6.0,,,,,1770.0,,0,soaked,soaked,,1,1.0,0,,2.0,,https://doi.org/10.1007/s40515-015-0020-0,10.1007/s40515-015-0020-0,S05
102,104,"BC soil , North Karnataka, India",24.0,51.0,21.0,2.5,64.0,31.0,33.0,15.7,CH,16.32,1770.0,0,0,0,0,0,1,0,0,0,0,0,0,1,0,0,0,0,0.0,0,Electrolyte Lignin Stabilizer,1.7,0.0,Fly ash,1.975,,6.0,,,,,1770.0,16.33,0,soaked,soaked,,1,1.0,0,,3.0,,https://doi.org/10.1007/s40515-015-0020-0,10.1007/s40515-015-0020-0,S05
103,105,"BC soil , North Karnataka, India",24.0,51.0,21.0,2.5,64.0,31.0,33.0,15.7,CH,16.32,1770.0,0,0,0,0,0,1,0,0,0,0,0,0,1,0,0,0,0,0.0,0,Electrolyte Lignin Stabilizer,1.7,0.0,Fly ash,1.975,,6.0,,,,,1770.0,,0,soaked,soaked,,1,1.0,0,,1.0,<,https://doi.org/10.1007/s40515-015-0020-0,10.1007/s40515-015-0020-0,S05
104,106,"BC soil , North Karnataka, India",24.0,51.0,21.0,2.5,64.0,31.0,33.0,15.7,CH,16.32,1770.0,0,0,0,0,0,1,0,0,0,0,0,0,1,0,0,0,0,0.0,0,Electrolyte Lignin Stabilizer,1.7,0.0,Fly ash,1.975,,6.0,,,,,1770.0,,0,unsoaked,unsoaked,,1,1.0,0,,22.0,,https://doi.org/10.1007/s40515-015-0020-0,10.1007/s40515-015-0020-0,S05
105,107,"BC soil , North Karnataka, India",24.0,51.0,21.0,2.5,64.0,31.0,33.0,15.7,CH,16.32,1770.0,0,0,0,0,0,1,0,0,0,0,0,0,1,0,0,0,0,0.0,0,Electrolyte Lignin Stabilizer,1.7,0.0,Fly ash,1.975,,6.0,,,,,1770.0,16.33,0,unsoaked,unsoaked,,1,1.0,0,,31.0,,https://doi.org/10.1007/s40515-015-0020-0,10.1007/s40515-015-0020-0,S05
106,108,"BC soil , North Karnataka, India",24.0,51.0,21.0,2.5,64.0,31.0,33.0,15.7,CH,16.32,1770.0,0,0,0,0,0,1,0,0,0,0,0,0,1,0,0,0,0,0.0,0,Electrolyte Lignin Stabilizer,1.7,0.0,Fly ash,1.975,,6.0,,,,,1770.0,,0,unsoaked,unsoaked,,1,1.0,0,,29.0,,https://doi.org/10.1007/s40515-015-0020-0,10.1007/s40515-015-0020-0,S05
107,109,"BC soil , North Karnataka, India",24.0,51.0,21.0,2.5,64.0,31.0,33.0,15.7,CH,16.32,1770.0,0,0,0,0,0,1,0,0,0,0,0,0,1,0,0,0,0,0.0,0,Electrolyte Lignin Stabilizer,1.7,0.0,Fly ash,1.975,,6.0,,,,,1800.0,,0,soaked,soaked,,7,7.0,0,,4.0,,https://doi.org/10.1007/s40515-015-0020-0,10.1007/s40515-015-0020-0,S05
108,110,"BC soil , North Karnataka, India",24.0,51.0,21.0,2.5,64.0,31.0,33.0,15.7,CH,16.32,1770.0,0,0,0,0,0,1,0,0,0,0,0,0,1,0,0,0,0,0.0,0,Electrolyte Lignin Stabilizer,1.7,0.0,Fly ash,1.975,,6.0,,,,,1800.0,16.31,0,soaked,soaked,,7,7.0,0,,5.0,,https://doi.org/10.1007/s40515-015-0020-0,10.1007/s40515-015-0020-0,S05
109,111,"BC soil , North Karnataka, India",24.0,51.0,21.0,2.5,64.0,31.0,33.0,15.7,CH,16.32,1770.0,0,0,0,0,0,1,0,0,0,0,0,0,1,0,0,0,0,0.0,0,Electrolyte Lignin Stabilizer,1.7,0.0,Fly ash,1.975,,6.0,,,,,1800.0,,0,soaked,soaked,,7,7.0,0,,2.0,,https://doi.org/10.1007/s40515-015-0020-0,10.1007/s40515-015-0020-0,S05
110,112,"BC soil , North Karnataka, India",24.0,51.0,21.0,2.5,64.0,31.0,33.0,15.7,CH,16.32,1770.0,0,0,0,0,0,1,0,0,0,0,0,0,1,0,0,0,0,0.0,0,Electrolyte Lignin Stabilizer,1.7,0.0,Fly ash,1.975,,6.0,,,,,1800.0,,0,unsoaked,unsoaked,,7,7.0,0,,32.0,,https://doi.org/10.1007/s40515-015-0020-0,10.1007/s40515-015-0020-0,S05
111,113,"BC soil , North Karnataka, India",24.0,51.0,21.0,2.5,64.0,31.0,33.0,15.7,CH,16.32,1770.0,0,0,0,0,0,1,0,0,0,0,0,0,1,0,0,0,0,0.0,0,Electrolyte Lignin Stabilizer,1.7,0.0,Fly ash,1.975,,6.0,,,,,1800.0,16.31,0,unsoaked,unsoaked,,7,7.0,0,,38.0,,https://doi.org/10.1007/s40515-015-0020-0,10.1007/s40515-015-0020-0,S05
112,114,"BC soil , North Karnataka, India",24.0,51.0,21.0,2.5,64.0,31.0,33.0,15.7,CH,16.32,1770.0,0,0,0,0,0,1,0,0,0,0,0,0,1,0,0,0,0,0.0,0,Electrolyte Lignin Stabilizer,1.7,0.0,Fly ash,1.975,,6.0,,,,,1800.0,,0,unsoaked,unsoaked,,7,7.0,0,,31.0,,https://doi.org/10.1007/s40515-015-0020-0,10.1007/s40515-015-0020-0,S05
113,115,"BC soil , North Karnataka, India",24.0,51.0,21.0,2.5,64.0,31.0,33.0,15.7,CH,16.32,1770.0,0,0,0,0,0,1,0,0,0,0,0,0,1,0,0,0,0,0.0,0,Electrolyte Lignin Stabilizer,1.7,0.0,Fly ash,1.975,,6.0,,,,,1850.0,,0,soaked,soaked,,28,28.0,0,,6.0,,https://doi.org/10.1007/s40515-015-0020-0,10.1007/s40515-015-0020-0,S05
114,116,"BC soil , North Karnataka, India",24.0,51.0,21.0,2.5,64.0,31.0,33.0,15.7,CH,16.32,1770.0,0,0,0,0,0,1,0,0,0,0,0,0,1,0,0,0,0,0.0,0,Electrolyte Lignin Stabilizer,1.7,0.0,Fly ash,1.975,,6.0,,,,,1850.0,16.26,0,soaked,soaked,,28,28.0,0,,6.0,,https://doi.org/10.1007/s40515-015-0020-0,10.1007/s40515-015-0020-0,S05
115,117,"BC soil , North Karnataka, India",24.0,51.0,21.0,2.5,64.0,31.0,33.0,15.7,CH,16.32,1770.0,0,0,0,0,0,1,0,0,0,0,0,0,1,0,0,0,0,0.0,0,Electrolyte Lignin Stabilizer,1.7,0.0,Fly ash,1.975,,6.0,,,,,1850.0,,0,soaked,soaked,,28,28.0,0,,3.0,,https://doi.org/10.1007/s40515-015-0020-0,10.1007/s40515-015-0020-0,S05
116,118,"BC soil , North Karnataka, India",24.0,51.0,21.0,2.5,64.0,31.0,33.0,15.7,CH,16.32,1770.0,0,0,0,0,0,1,0,0,0,0,0,0,1,0,0,0,0,0.0,0,Electrolyte Lignin Stabilizer,1.7,0.0,Fly ash,1.975,,6.0,,,,,1850.0,,0,unsoaked,unsoaked,,28,28.0,0,,39.0,,https://doi.org/10.1007/s40515-015-0020-0,10.1007/s40515-015-0020-0,S05
117,119,"BC soil , North Karnataka, India",24.0,51.0,21.0,2.5,64.0,31.0,33.0,15.7,CH,16.32,1770.0,0,0,0,0,0,1,0,0,0,0,0,0,1,0,0,0,0,0.0,0,Electrolyte Lignin Stabilizer,1.7,0.0,Fly ash,1.975,,6.0,,,,,1850.0,16.26,0,unsoaked,unsoaked,,28,28.0,0,,42.0,,https://doi.org/10.1007/s40515-015-0020-0,10.1007/s40515-015-0020-0,S05
118,120,"BC soil , North Karnataka, India",24.0,51.0,21.0,2.5,64.0,31.0,33.0,15.7,CH,16.32,1770.0,0,0,0,0,0,1,0,0,0,0,0,0,1,0,0,0,0,0.0,0,Electrolyte Lignin Stabilizer,1.7,0.0,Fly ash,1.975,,6.0,,,,,1850.0,,0,unsoaked,unsoaked,,28,28.0,0,,33.0,,https://doi.org/10.1007/s40515-015-0020-0,10.1007/s40515-015-0020-0,S05
119,121,"BC soil , North Karnataka, India",24.0,51.0,21.0,2.5,64.0,31.0,33.0,15.7,CH,16.32,1770.0,0,0,0,0,0,1,0,0,0,0,0,0,1,0,0,0,0,0.0,0,Electrolyte Lignin Stabilizer,1.7,,Fly ash,1.975,,6.0,,,,,1770.0,,0,soaked,soaked,,1,1.0,0,,4.0,,https://doi.org/10.1007/s40515-015-0020-0,10.1007/s40515-015-0020-0,S05
120,122,"BC soil , North Karnataka, India",24.0,51.0,21.0,2.5,64.0,31.0,33.0,15.7,CH,16.32,1770.0,0,0,0,0,0,1,0,0,0,0,0,0,1,0,0,0,0,0.0,0,Electrolyte Lignin Stabilizer,1.7,,Fly ash,1.975,,6.0,,,,,1770.0,16.31,0,soaked,soaked,,1,1.0,0,,6.0,,https://doi.org/10.1007/s40515-015-0020-0,10.1007/s40515-015-0020-0,S05
121,123,"BC soil , North Karnataka, India",24.0,51.0,21.0,2.5,64.0,31.0,33.0,15.7,CH,16.32,1770.0,0,0,0,0,0,1,0,0,0,0,0,0,1,0,0,0,0,0.0,0,Electrolyte Lignin Stabilizer,1.7,,Fly ash,1.975,,6.0,,,,,1770.0,,0,soaked,soaked,,1,1.0,0,,3.0,,https://doi.org/10.1007/s40515-015-0020-0,10.1007/s40515-015-0020-0,S05
122,124,"BC soil , North Karnataka, India",24.0,51.0,21.0,2.5,64.0,31.0,33.0,15.7,CH,16.32,1770.0,0,0,0,0,0,1,0,0,0,0,0,0,1,0,0,0,0,0.0,0,Electrolyte Lignin Stabilizer,1.7,,Fly ash,1.975,,6.0,,,,,1770.0,,0,unsoaked,unsoaked,,1,1.0,0,,21.0,,https://doi.org/10.1007/s40515-015-0020-0,10.1007/s40515-015-0020-0,S05
123,125,"BC soil , North Karnataka, India",24.0,51.0,21.0,2.5,64.0,31.0,33.0,15.7,CH,16.32,1770.0,0,0,0,0,0,1,0,0,0,0,0,0,1,0,0,0,0,0.0,0,Electrolyte Lignin Stabilizer,1.7,,Fly ash,1.975,,6.0,,,,,1770.0,16.31,0,unsoaked,unsoaked,,1,1.0,0,,47.0,,https://doi.org/10.1007/s40515-015-0020-0,10.1007/s40515-015-0020-0,S05
124,126,"BC soil , North Karnataka, India",24.0,51.0,21.0,2.5,64.0,31.0,33.0,15.7,CH,16.32,1770.0,0,0,0,0,0,1,0,0,0,0,0,0,1,0,0,0,0,0.0,0,Electrolyte Lignin Stabilizer,1.7,,Fly ash,1.975,,6.0,,,,,1770.0,,0,unsoaked,unsoaked,,1,1.0,0,,33.0,,https://doi.org/10.1007/s40515-015-0020-0,10.1007/s40515-015-0020-0,S05
125,127,"BC soil , North Karnataka, India",24.0,51.0,21.0,2.5,64.0,31.0,33.0,15.7,CH,16.32,1770.0,0,0,0,0,0,1,0,0,0,0,0,0,1,0,0,0,0,0.0,0,Electrolyte Lignin Stabilizer,1.7,,Fly ash,1.975,,6.0,,,,,1800.0,,0,soaked,soaked,,7,7.0,0,,6.0,,https://doi.org/10.1007/s40515-015-0020-0,10.1007/s40515-015-0020-0,S05
126,128,"BC soil , North Karnataka, India",24.0,51.0,21.0,2.5,64.0,31.0,33.0,15.7,CH,16.32,1770.0,0,0,0,0,0,1,0,0,0,0,0,0,1,0,0,0,0,0.0,0,Electrolyte Lignin Stabilizer,1.7,,Fly ash,1.975,,6.0,,,,,1800.0,16.21,0,soaked,soaked,,7,7.0,0,,10.0,,https://doi.org/10.1007/s40515-015-0020-0,10.1007/s40515-015-0020-0,S05
127,129,"BC soil , North Karnataka, India",24.0,51.0,21.0,2.5,64.0,31.0,33.0,15.7,CH,16.32,1770.0,0,0,0,0,0,1,0,0,0,0,0,0,1,0,0,0,0,0.0,0,Electrolyte Lignin Stabilizer,1.7,,Fly ash,1.975,,6.0,,,,,1800.0,,0,soaked,soaked,,7,7.0,0,,5.0,,https://doi.org/10.1007/s40515-015-0020-0,10.1007/s40515-015-0020-0,S05
128,130,"BC soil , North Karnataka, India",24.0,51.0,21.0,2.5,64.0,31.0,33.0,15.7,CH,16.32,1770.0,0,0,0,0,0,1,0,0,0,0,0,0,1,0,0,0,0,0.0,0,Electrolyte Lignin Stabilizer,1.7,,Fly ash,1.975,,6.0,,,,,1800.0,,0,unsoaked,unsoaked,,7,7.0,0,,30.0,,https://doi.org/10.1007/s40515-015-0020-0,10.1007/s40515-015-0020-0,S05
129,131,"BC soil , North Karnataka, India",24.0,51.0,21.0,2.5,64.0,31.0,33.0,15.7,CH,16.32,1770.0,0,0,0,0,0,1,0,0,0,0,0,0,1,0,0,0,0,0.0,0,Electrolyte Lignin Stabilizer,1.7,,Fly ash,1.975,,6.0,,,,,1800.0,16.21,0,unsoaked,unsoaked,,7,7.0,0,,49.0,,https://doi.org/10.1007/s40515-015-0020-0,10.1007/s40515-015-0020-0,S05
130,132,"BC soil , North Karnataka, India",24.0,51.0,21.0,2.5,64.0,31.0,33.0,15.7,CH,16.32,1770.0,0,0,0,0,0,1,0,0,0,0,0,0,1,0,0,0,0,0.0,0,Electrolyte Lignin Stabilizer,1.7,,Fly ash,1.975,,6.0,,,,,1800.0,,0,unsoaked,unsoaked,,7,7.0,0,,37.0,,https://doi.org/10.1007/s40515-015-0020-0,10.1007/s40515-015-0020-0,S05
131,133,"BC soil , North Karnataka, India",24.0,51.0,21.0,2.5,64.0,31.0,33.0,15.7,CH,16.32,1770.0,0,0,0,0,0,1,0,0,0,0,0,0,1,0,0,0,0,0.0,0,Electrolyte Lignin Stabilizer,1.7,,Fly ash,1.975,,6.0,,,,,1880.0,,0,soaked,soaked,,28,28.0,0,,7.0,,https://doi.org/10.1007/s40515-015-0020-0,10.1007/s40515-015-0020-0,S05
132,134,"BC soil , North Karnataka, India",24.0,51.0,21.0,2.5,64.0,31.0,33.0,15.7,CH,16.32,1770.0,0,0,0,0,0,1,0,0,0,0,0,0,1,0,0,0,0,0.0,0,Electrolyte Lignin Stabilizer,1.7,,Fly ash,1.975,,6.0,,,,,1880.0,16.11,0,soaked,soaked,,28,28.0,0,,12.0,,https://doi.org/10.1007/s40515-015-0020-0,10.1007/s40515-015-0020-0,S05
133,135,"BC soil , North Karnataka, India",24.0,51.0,21.0,2.5,64.0,31.0,33.0,15.7,CH,16.32,1770.0,0,0,0,0,0,1,0,0,0,0,0,0,1,0,0,0,0,0.0,0,Electrolyte Lignin Stabilizer,1.7,,Fly ash,1.975,,6.0,,,,,1880.0,,0,soaked,soaked,,28,28.0,0,,6.0,,https://doi.org/10.1007/s40515-015-0020-0,10.1007/s40515-015-0020-0,S05
134,136,"BC soil , North Karnataka, India",24.0,51.0,21.0,2.5,64.0,31.0,33.0,15.7,CH,16.32,1770.0,0,0,0,0,0,1,0,0,0,0,0,0,1,0,0,0,0,0.0,0,Electrolyte Lignin Stabilizer,1.7,,Fly ash,1.975,,6.0,,,,,1880.0,,0,unsoaked,unsoaked,,28,28.0,0,,43.0,,https://doi.org/10.1007/s40515-015-0020-0,10.1007/s40515-015-0020-0,S05
135,137,"BC soil , North Karnataka, India",24.0,51.0,21.0,2.5,64.0,31.0,33.0,15.7,CH,16.32,1770.0,0,0,0,0,0,1,0,0,0,0,0,0,1,0,0,0,0,0.0,0,Electrolyte Lignin Stabilizer,1.7,,Fly ash,1.975,,6.0,,,,,1880.0,16.11,0,unsoaked,unsoaked,,28,28.0,0,,54.0,,https://doi.org/10.1007/s40515-015-0020-0,10.1007/s40515-015-0020-0,S05
136,138,"BC soil , North Karnataka, India",24.0,51.0,21.0,2.5,64.0,31.0,33.0,15.7,CH,16.32,1770.0,0,0,0,0,0,1,0,0,0,0,0,0,1,0,0,0,0,0.0,0,Electrolyte Lignin Stabilizer,1.7,,Fly ash,1.975,,6.0,,,,,1880.0,,0,unsoaked,unsoaked,,28,28.0,0,,43.0,,https://doi.org/10.1007/s40515-015-0020-0,10.1007/s40515-015-0020-0,S05
137,139,"Undavalli in Guntur District, Andhra Pradesh ",5.0,49.0,46.0,2.68,72.0,27.0,45.0,3.0,CH,25.0,1510.0,0,0,0,0,0,0,0,0,0,0,0,0,0,0,0,0,0,0.0,0,Xanthan,,0.0,RHA(rice husk ash),,,0.0,,,,,1510.0,25.0,1,Unsoaked,unsoaked,2.5,0,0.0,0,,1.2,,https://doi.org/10.1051/e3sconf/202339101004,10.1051/e3sconf/202339101004,S11
138,140,"Undavalli in Guntur District, Andhra Pradesh ",5.0,49.0,46.0,2.68,72.0,27.0,45.0,3.0,CH,25.0,1510.0,0,0,0,0,0,0,0,0,0,0,0,0,0,0,0,0,0,0.0,0,Xanthan,,0.0,RHA(rice husk ash),,,0.0,,,,,1510.0,25.0,1,Soaked,soaked,2.5,0,0.0,0,,1.0,,https://doi.org/10.1051/e3sconf/202339101004,10.1051/e3sconf/202339101004,S11
139,141,"Undavalli in Guntur District, Andhra Pradesh ",5.0,49.0,46.0,2.68,72.0,27.0,45.0,3.0,CH,25.0,1510.0,1,0,0,0,0,0,0,1,0,0,0,0,0,0,0,0,0,0.0,0,Xanthan,,0.6,RHA(rice husk ash),,,10.0,,,,,1500.0,27.0,0,Unsoaked,unsoaked,2.5,0,0.0,0,,3.0,,https://doi.org/10.1051/e3sconf/202339101004,10.1051/e3sconf/202339101004,S11
140,142,"Undavalli in Guntur District, Andhra Pradesh ",5.0,49.0,46.0,2.68,72.0,27.0,45.0,3.0,CH,25.0,1510.0,1,0,0,0,0,0,0,1,0,0,0,0,0,0,0,0,0,0.0,0,Xanthan,,0.6,RHA(rice husk ash),,,10.0,,,,,1500.0,27.0,0,Soaked,soaked,2.5,0,0.0,0,,3.2,,https://doi.org/10.1051/e3sconf/202339101004,10.1051/e3sconf/202339101004,S11
141,143,"Undavalli in Guntur District, Andhra Pradesh ",5.0,49.0,46.0,2.68,72.0,27.0,45.0,3.0,CH,25.0,1510.0,1,0,0,0,0,0,0,1,0,0,0,0,0,0,0,0,0,0.0,0,Xanthan,,0.6,RHA(rice husk ash),,,20.0,,,,,1480.0,28.3,0,Unsoaked,unsoaked,2.5,0,0.0,0,,4.0,,https://doi.org/10.1051/e3sconf/202339101004,10.1051/e3sconf/202339101004,S11
142,144,"Undavalli in Guntur District, Andhra Pradesh ",5.0,49.0,46.0,2.68,72.0,27.0,45.0,3.0,CH,25.0,1510.0,1,0,0,0,0,0,0,1,0,0,0,0,0,0,0,0,0,0.0,0,Xanthan,,0.6,RHA(rice husk ash),,,20.0,,,,,1480.0,28.3,0,Soaked,soaked,2.5,0,0.0,0,,5.1,,https://doi.org/10.1051/e3sconf/202339101004,10.1051/e3sconf/202339101004,S11
143,145,"Undavalli in Guntur District, Andhra Pradesh ",5.0,49.0,46.0,2.68,72.0,27.0,45.0,3.0,CH,25.0,1510.0,1,0,0,0,0,0,0,1,0,0,0,0,0,0,0,0,0,0.0,0,Xanthan,,0.6,RHA(rice husk ash),,,30.0,,,,,1450.0,29.5,0,Unsoaked,unsoaked,2.5,0,0.0,0,,8.0,,https://doi.org/10.1051/e3sconf/202339101004,10.1051/e3sconf/202339101004,S11
144,146,"Undavalli in Guntur District, Andhra Pradesh ",5.0,49.0,46.0,2.68,72.0,27.0,45.0,3.0,CH,25.0,1510.0,1,0,0,0,0,0,0,1,0,0,0,0,0,0,0,0,0,0.0,0,Xanthan,,0.6,RHA(rice husk ash),,,30.0,,,,,1450.0,29.5,0,Soaked,soaked,2.5,0,0.0,0,,10.5,,https://doi.org/10.1051/e3sconf/202339101004,10.1051/e3sconf/202339101004,S11
145,147,"Undavalli in Guntur District, Andhra Pradesh ",5.0,49.0,46.0,2.68,72.0,27.0,45.0,3.0,CH,25.0,1510.0,1,0,0,0,0,0,0,1,0,0,0,0,0,0,0,0,0,0.0,0,Xanthan,,0.6,RHA(rice husk ash),,,40.0,,,,,1430.0,30.5,0,Unsoaked,unsoaked,2.5,0,0.0,0,,9.0,,https://doi.org/10.1051/e3sconf/202339101004,10.1051/e3sconf/202339101004,S11
146,148,"Undavalli in Guntur District, Andhra Pradesh ",5.0,49.0,46.0,2.68,72.0,27.0,45.0,3.0,CH,25.0,1510.0,1,0,0,0,0,0,0,1,0,0,0,0,0,0,0,0,0,0.0,0,Xanthan,,0.6,RHA(rice husk ash),,,40.0,,,,,1430.0,30.5,0,Soaked,soaked,2.5,0,0.0,0,,11.0,,https://doi.org/10.1051/e3sconf/202339101004,10.1051/e3sconf/202339101004,S11
147,149,"Kadipaten, Majalengka, Province of West Java, Indonesia",,,,2.47,66.91,21.0,45.58,,,24.54,1496.0,0,1,0,0,0,0,0,0,0,0,0,0,0,1,0,0,0,0.0,0,Chitosan,,0.1,"nano-lime, nano-silica",,,,,,,,,,0,Unsoaked,unsoaked,,0,0.0,0,,10.75,,https://doi.org/10.1007/s40515-024-00449-10,10.1007/s40515-024-00449-10,S06
148,150,"Kadipaten, Majalengka, Province of West Java, Indonesia",,,,2.47,66.91,21.0,45.58,,,24.54,1496.0,0,1,0,0,0,0,0,0,0,0,0,0,0,1,0,0,0,0.0,0,Chitosan,,0.1,"nano-lime, nano-silica",,,,,,,,,,0,Soaked,soaked,,0,0.0,0,,7.39,,https://doi.org/10.1007/s40515-024-00449-10,10.1007/s40515-024-00449-10,S06
149,151,A factory in Iran,0.0,33.0,67.0,2.63,37.8,19.1,18.7,10.1,CL,23.63,1590.0,0,0,0,0,0,0,0,0,0,0,0,0,0,0,0,0,0,0.0,0,Xanthan,1.63,0.0,SWF(Sheep wool fiber ),,,0.0,,,,,1590.0,23.29,0,Unsoaked,unsoaked,,0,0.0,0,,8.1,,https://doi.org/10.1016/j.carpta.2025.100975,10.1016/j.carpta.2025.100975,S08
150,152,A factory in Iran,0.0,33.0,67.0,2.63,37.8,19.1,18.7,10.1,CL,23.63,1590.0,0,0,0,0,0,0,0,0,0,1,0,0,0,0,0,0,0,0.0,0,Xanthan,1.63,0.0,SWF(Sheep wool fiber ),,,0.3,,,,,1582.0,23.43,0,Unsoaked,unsoaked,,0,0.0,0,,11.65,,https://doi.org/10.1016/j.carpta.2025.100975,10.1016/j.carpta.2025.100975,S08
151,153,A factory in Iran,0.0,33.0,67.0,2.63,37.8,19.1,18.7,10.1,CL,23.63,1590.0,0,0,0,0,0,0,0,0,0,1,0,0,0,0,0,0,0,0.0,0,Xanthan,1.63,0.0,SWF(Sheep wool fiber ),,,0.6,,,,,1576.0,23.58,0,Unsoaked,unsoaked,,0,0.0,0,,15.97,,https://doi.org/10.1016/j.carpta.2025.100975,10.1016/j.carpta.2025.100975,S08
152,154,A factory in Iran,0.0,33.0,67.0,2.63,37.8,19.1,18.7,10.1,CL,23.63,1590.0,0,0,0,0,0,0,0,0,0,1,0,0,0,0,0,0,0,0.0,0,Xanthan,1.63,0.0,SWF(Sheep wool fiber ),,,0.9,,,,,1571.0,23.66,0,Unsoaked,unsoaked,,0,0.0,0,,12.93,,https://doi.org/10.1016/j.carpta.2025.100975,10.1016/j.carpta.2025.100975,S08
153,155,A factory in Iran,0.0,33.0,67.0,2.63,37.8,19.1,18.7,10.1,CL,23.63,1590.0,1,0,0,0,0,0,0,0,0,1,0,0,0,0,0,0,0,0.0,0,Xanthan,1.63,1.0,SWF(Sheep wool fiber ),,,0.6,,,,,1477.0,25.48,0,Unsoaked,unsoaked,,0,0.0,0,,22.44,,https://doi.org/10.1016/j.carpta.2025.100975,10.1016/j.carpta.2025.100975,S08
154,156,"Gaziantep University campus, Turkey",0.0,0.0,100.0,,35.16,28.31,6.85,,,16.85,1807.96,0,0,0,0,0,0,0,0,0,0,0,0,0,0,0,0,0,0.0,0,Xanthan,,0.0,Concrete waste (CW),,,0.0,,,,,1807.96,16.85,0,Unsoaked,unsoaked,2.5,4,4.0,0,,15.26,,"Zaid, Waleed. (2024). Improving the Geotechnical Properties of a Soil Using Xanthan Gum and Concrete Waste. ","Zaid, Waleed. (2024). Improving the Geotechnical Properties of a Soil Using Xanthan Gum and Concrete Waste",S20
155,157,"Gaziantep University campus, Turkey",0.0,0.0,100.0,,35.16,28.31,6.85,,,16.85,1807.96,0,0,0,0,0,0,0,0,0,0,1,0,0,0,0,0,0,0.0,0,Xanthan,,0.0,Concrete waste (CW),,,10.0,,,,,1843.65,16.86,0,Unsoaked,unsoaked,2.5,4,4.0,0,,13.96,,"Zaid, Waleed. (2024). Improving the Geotechnical Properties of a Soil Using Xanthan Gum and Concrete Waste. ","Zaid, Waleed. (2024). Improving the Geotechnical Properties of a Soil Using Xanthan Gum and Concrete Waste",S20
156,158,"Gaziantep University campus, Turkey",0.0,0.0,100.0,,35.16,28.31,6.85,,,16.85,1807.96,1,0,0,0,0,0,0,0,0,0,1,0,0,0,0,0,0,0.0,0,Xanthan,,1.0,Concrete waste (CW),,,10.0,,,,,1769.21,17.75,0,Unsoaked,unsoaked,2.5,4,4.0,0,,10.68,,"Zaid, Waleed. (2024). Improving the Geotechnical Properties of a Soil Using Xanthan Gum and Concrete Waste. ","Zaid, Waleed. (2024). Improving the Geotechnical Properties of a Soil Using Xanthan Gum and Concrete Waste",S20
157,159,"Gaziantep University campus, Turkey",0.0,0.0,100.0,,35.16,28.31,6.85,,,16.85,1807.96,1,0,0,0,0,0,0,0,0,0,1,0,0,0,0,0,0,0.0,0,Xanthan,,2.5,Concrete waste (CW),,,10.0,,,,,1680.49,19.65,0,Unsoaked,unsoaked,2.5,4,4.0,0,,6.75,,"Zaid, Waleed. (2024). Improving the Geotechnical Properties of a Soil Using Xanthan Gum and Concrete Waste. ","Zaid, Waleed. (2024). Improving the Geotechnical Properties of a Soil Using Xanthan Gum and Concrete Waste",S20
158,160,"Gaziantep University campus, Turkey",0.0,0.0,100.0,,35.16,28.31,6.85,,,16.85,1807.96,1,0,0,0,0,0,0,0,0,0,1,0,0,0,0,0,0,0.0,0,Xanthan,,4.0,Concrete waste (CW),,,10.0,,,,,1611.15,22.0,0,Unsoaked,unsoaked,2.5,4,4.0,0,,3.82,,"Zaid, Waleed. (2024). Improving the Geotechnical Properties of a Soil Using Xanthan Gum and Concrete Waste. ","Zaid, Waleed. (2024). Improving the Geotechnical Properties of a Soil Using Xanthan Gum and Concrete Waste",S20
159,161,"Gaziantep University campus, Turkey",0.0,0.0,100.0,,35.16,28.31,6.85,,,16.85,1807.96,0,0,0,0,0,0,0,0,0,0,0,0,0,0,0,0,0,0.0,0,Xanthan,,0.0,Concrete waste (CW),,,0.0,,,,,1807.96,16.85,0,Unsoaked,unsoaked,5.0,4,4.0,0,,14.07,,"Zaid, Waleed. (2024). Improving the Geotechnical Properties of a Soil Using Xanthan Gum and Concrete Waste. ","Zaid, Waleed. (2024). Improving the Geotechnical Properties of a Soil Using Xanthan Gum and Concrete Waste",S20
160,162,"Gaziantep University campus, Turkey",0.0,0.0,100.0,,35.16,28.31,6.85,,,16.85,1807.96,0,0,0,0,0,0,0,0,0,0,1,0,0,0,0,0,0,0.0,0,Xanthan,,0.0,Concrete waste (CW),,,10.0,,,,,1843.65,16.86,0,Unsoaked,unsoaked,5.0,4,4.0,0,,13.06,,"Zaid, Waleed. (2024). Improving the Geotechnical Properties of a Soil Using Xanthan Gum and Concrete Waste. ","Zaid, Waleed. (2024). Improving the Geotechnical Properties of a Soil Using Xanthan Gum and Concrete Waste",S20
161,163,"Gaziantep University campus, Turkey",0.0,0.0,100.0,,35.16,28.31,6.85,,,16.85,1807.96,1,0,0,0,0,0,0,0,0,0,1,0,0,0,0,0,0,0.0,0,Xanthan,,1.0,Concrete waste (CW),,,10.0,,,,,1769.21,17.75,0,Unsoaked,unsoaked,5.0,4,4.0,0,,10.06,,"Zaid, Waleed. (2024). Improving the Geotechnical Properties of a Soil Using Xanthan Gum and Concrete Waste. ","Zaid, Waleed. (2024). Improving the Geotechnical Properties of a Soil Using Xanthan Gum and Concrete Waste",S20
162,164,"Gaziantep University campus, Turkey",0.0,0.0,100.0,,35.16,28.31,6.85,,,16.85,1807.96,1,0,0,0,0,0,0,0,0,0,1,0,0,0,0,0,0,0.0,0,Xanthan,,2.5,Concrete waste (CW),,,10.0,,,,,1680.49,19.65,0,Unsoaked,unsoaked,5.0,4,4.0,0,,7.3,,"Zaid, Waleed. (2024). Improving the Geotechnical Properties of a Soil Using Xanthan Gum and Concrete Waste. ","Zaid, Waleed. (2024). Improving the Geotechnical Properties of a Soil Using Xanthan Gum and Concrete Waste",S20
163,165,"Gaziantep University campus, Turkey",0.0,0.0,100.0,,35.16,28.31,6.85,,,16.85,1807.96,1,0,0,0,0,0,0,0,0,0,1,0,0,0,0,0,0,0.0,0,Xanthan,,4.0,Concrete waste (CW),,,10.0,,,,,1611.15,22.0,0,Unsoaked,unsoaked,5.0,4,4.0,0,,4.16,,"Zaid, Waleed. (2024). Improving the Geotechnical Properties of a Soil Using Xanthan Gum and Concrete Waste. ","Zaid, Waleed. (2024). Improving the Geotechnical Properties of a Soil Using Xanthan Gum and Concrete Waste",S20
