dataset,orig_no,record_id,field_changed,old_value,new_value,reason,date,checked_by,comments
CBR,139,137,mdd_treated_kgm3 & omc_treated_pct (swapped),"mdd=25.0, omc=1510.0","mdd=1510.0, omc=25.0",Heuristic swap: OMC>100 and MDD<500 indicates columns swapped.,2026-01-23,,
CBR,140,138,mdd_treated_kgm3 & omc_treated_pct (swapped),"mdd=25.0, omc=1510.0","mdd=1510.0, omc=25.0",Heuristic swap: OMC>100 and MDD<500 indicates columns swapped.,2026-01-23,,
UCS,184,184,omc_untreated_pct,0.405 (fraction),40.5 (percent),Unit harmonization: OMC reported as fraction (<1). Converted to percent by ×100.,2026-01-23,,
UCS,185,185,omc_untreated_pct,0.405 (fraction),40.5 (percent),Unit harmonization: OMC reported as fraction (<1). Converted to percent by ×100.,2026-01-23,,
UCS,186,186,omc_untreated_pct,0.405 (fraction),40.5 (percent),Unit harmonization: OMC reported as fraction (<1). Converted to percent by ×100.,2026-01-23,,
UCS,187,187,omc_untreated_pct,0.405 (fraction),40.5 (percent),Unit harmonization: OMC reported as fraction (<1). Converted to percent by ×100.,2026-01-23,,
UCS,188,188,omc_untreated_pct,0.405 (fraction),40.5 (percent),Unit harmonization: OMC reported as fraction (<1). Converted to percent by ×100.,2026-01-23,,
UCS,189,189,omc_untreated_pct,0.405 (fraction),40.5 (percent),Unit harmonization: OMC reported as fraction (<1). Converted to percent by ×100.,2026-01-23,,
UCS,190,190,omc_untreated_pct,0.405 (fraction),40.5 (percent),Unit harmonization: OMC reported as fraction (<1). Converted to percent by ×100.,2026-01-23,,
UCS,191,191,omc_untreated_pct,0.405 (fraction),40.5 (percent),Unit harmonization: OMC reported as fraction (<1). Converted to percent by ×100.,2026-01-23,,
UCS,192,192,omc_untreated_pct,0.405 (fraction),40.5 (percent),Unit harmonization: OMC reported as fraction (<1). Converted to percent by ×100.,2026-01-23,,
UCS,193,193,omc_untreated_pct,0.405 (fraction),40.5 (percent),Unit harmonization: OMC reported as fraction (<1). Converted to percent by ×100.,2026-01-23,,
UCS,194,194,omc_untreated_pct,0.405 (fraction),40.5 (percent),Unit harmonization: OMC reported as fraction (<1). Converted to percent by ×100.,2026-01-23,,
UCS,195,195,omc_untreated_pct,0.405 (fraction),40.5 (percent),Unit harmonization: OMC reported as fraction (<1). Converted to percent by ×100.,2026-01-23,,
UCS,196,196,omc_untreated_pct,0.405 (fraction),40.5 (percent),Unit harmonization: OMC reported as fraction (<1). Converted to percent by ×100.,2026-01-23,,
UCS,197,197,omc_untreated_pct,0.405 (fraction),40.5 (percent),Unit harmonization: OMC reported as fraction (<1). Converted to percent by ×100.,2026-01-23,,
UCS,198,198,omc_untreated_pct,0.405 (fraction),40.5 (percent),Unit harmonization: OMC reported as fraction (<1). Converted to percent by ×100.,2026-01-23,,
UCS,199,199,omc_untreated_pct,0.405 (fraction),40.5 (percent),Unit harmonization: OMC reported as fraction (<1). Converted to percent by ×100.,2026-01-23,,
UCS,200,200,omc_untreated_pct,0.405 (fraction),40.5 (percent),Unit harmonization: OMC reported as fraction (<1). Converted to percent by ×100.,2026-01-23,,
UCS,201,201,omc_untreated_pct,0.405 (fraction),40.5 (percent),Unit harmonization: OMC reported as fraction (<1). Converted to percent by ×100.,2026-01-23,,
UCS,202,202,omc_untreated_pct,0.405 (fraction),40.5 (percent),Unit harmonization: OMC reported as fraction (<1). Converted to percent by ×100.,2026-01-23,,
UCS,203,203,omc_untreated_pct,0.405 (fraction),40.5 (percent),Unit harmonization: OMC reported as fraction (<1). Converted to percent by ×100.,2026-01-23,,
UCS,204,204,omc_untreated_pct,0.405 (fraction),40.5 (percent),Unit harmonization: OMC reported as fraction (<1). Converted to percent by ×100.,2026-01-23,,
UCS,205,205,omc_untreated_pct,0.405 (fraction),40.5 (percent),Unit harmonization: OMC reported as fraction (<1). Converted to percent by ×100.,2026-01-23,,
UCS,206,206,omc_untreated_pct,0.405 (fraction),40.5 (percent),Unit harmonization: OMC reported as fraction (<1). Converted to percent by ×100.,2026-01-23,,
UCS,207,207,omc_untreated_pct,0.405 (fraction),40.5 (percent),Unit harmonization: OMC reported as fraction (<1). Converted to percent by ×100.,2026-01-23,,
UCS,208,208,omc_untreated_pct,0.405 (fraction),40.5 (percent),Unit harmonization: OMC reported as fraction (<1). Converted to percent by ×100.,2026-01-23,,
UCS,209,209,omc_untreated_pct,0.405 (fraction),40.5 (percent),Unit harmonization: OMC reported as fraction (<1). Converted to percent by ×100.,2026-01-23,,
UCS,210,210,omc_untreated_pct,0.405 (fraction),40.5 (percent),Unit harmonization: OMC reported as fraction (<1). Converted to percent by ×100.,2026-01-23,,
UCS,211,211,omc_untreated_pct,0.405 (fraction),40.5 (percent),Unit harmonization: OMC reported as fraction (<1). Converted to percent by ×100.,2026-01-23,,
UCS,212,212,omc_untreated_pct,0.405 (fraction),40.5 (percent),Unit harmonization: OMC reported as fraction (<1). Converted to percent by ×100.,2026-01-23,,
UCS,213,213,omc_untreated_pct,0.405 (fraction),40.5 (percent),Unit harmonization: OMC reported as fraction (<1). Converted to percent by ×100.,2026-01-23,,
UCS,214,214,omc_untreated_pct,0.405 (fraction),40.5 (percent),Unit harmonization: OMC reported as fraction (<1). Converted to percent by ×100.,2026-01-23,,
UCS,215,215,omc_untreated_pct,0.405 (fraction),40.5 (percent),Unit harmonization: OMC reported as fraction (<1). Converted to percent by ×100.,2026-01-23,,
UCS,216,216,omc_untreated_pct,0.405 (fraction),40.5 (percent),Unit harmonization: OMC reported as fraction (<1). Converted to percent by ×100.,2026-01-23,,
UCS,217,217,omc_untreated_pct,0.405 (fraction),40.5 (percent),Unit harmonization: OMC reported as fraction (<1). Converted to percent by ×100.,2026-01-23,,
UCS,218,218,omc_untreated_pct,0.405 (fraction),40.5 (percent),Unit harmonization: OMC reported as fraction (<1). Converted to percent by ×100.,2026-01-23,,
UCS,219,219,omc_untreated_pct,0.405 (fraction),40.5 (percent),Unit harmonization: OMC reported as fraction (<1). Converted to percent by ×100.,2026-01-23,,
UCS,220,220,omc_untreated_pct,0.405 (fraction),40.5 (percent),Unit harmonization: OMC reported as fraction (<1). Converted to percent by ×100.,2026-01-23,,
UCS,221,221,omc_untreated_pct,0.405 (fraction),40.5 (percent),Unit harmonization: OMC reported as fraction (<1). Converted to percent by ×100.,2026-01-23,,
UCS,222,222,omc_untreated_pct,0.405 (fraction),40.5 (percent),Unit harmonization: OMC reported as fraction (<1). Converted to percent by ×100.,2026-01-23,,
UCS,223,223,omc_untreated_pct,0.405 (fraction),40.5 (percent),Unit harmonization: OMC reported as fraction (<1). Converted to percent by ×100.,2026-01-23,,
UCS,224,224,omc_untreated_pct,0.405 (fraction),40.5 (percent),Unit harmonization: OMC reported as fraction (<1). Converted to percent by ×100.,2026-01-23,,
UCS,225,225,omc_untreated_pct,0.405 (fraction),40.5 (percent),Unit harmonization: OMC reported as fraction (<1). Converted to percent by ×100.,2026-01-23,,
UCS,226,226,omc_untreated_pct,0.405 (fraction),40.5 (percent),Unit harmonization: OMC reported as fraction (<1). Converted to percent by ×100.,2026-01-23,,
UCS,227,227,omc_untreated_pct,0.405 (fraction),40.5 (percent),Unit harmonization: OMC reported as fraction (<1). Converted to percent by ×100.,2026-01-23,,
UCS,228,228,omc_untreated_pct,0.405 (fraction),40.5 (percent),Unit harmonization: OMC reported as fraction (<1). Converted to percent by ×100.,2026-01-23,,
UCS,229,229,omc_untreated_pct,0.405 (fraction),40.5 (percent),Unit harmonization: OMC reported as fraction (<1). Converted to percent by ×100.,2026-01-23,,
UCS,230,230,omc_untreated_pct,0.405 (fraction),40.5 (percent),Unit harmonization: OMC reported as fraction (<1). Converted to percent by ×100.,2026-01-23,,
UCS,231,231,omc_untreated_pct,0.405 (fraction),40.5 (percent),Unit harmonization: OMC reported as fraction (<1). Converted to percent by ×100.,2026-01-23,,
UCS,232,232,omc_untreated_pct,0.405 (fraction),40.5 (percent),Unit harmonization: OMC reported as fraction (<1). Converted to percent by ×100.,2026-01-23,,
UCS,233,233,omc_untreated_pct,0.405 (fraction),40.5 (percent),Unit harmonization: OMC reported as fraction (<1). Converted to percent by ×100.,2026-01-23,,
UCS,234,234,omc_untreated_pct,0.405 (fraction),40.5 (percent),Unit harmonization: OMC reported as fraction (<1). Converted to percent by ×100.,2026-01-23,,
UCS,235,235,omc_untreated_pct,0.405 (fraction),40.5 (percent),Unit harmonization: OMC reported as fraction (<1). Converted to percent by ×100.,2026-01-23,,
UCS,236,236,omc_untreated_pct,0.405 (fraction),40.5 (percent),Unit harmonization: OMC reported as fraction (<1). Converted to percent by ×100.,2026-01-23,,
UCS,237,237,omc_untreated_pct,0.405 (fraction),40.5 (percent),Unit harmonization: OMC reported as fraction (<1). Converted to percent by ×100.,2026-01-23,,
UCS,238,238,omc_untreated_pct,0.405 (fraction),40.5 (percent),Unit harmonization: OMC reported as fraction (<1). Converted to percent by ×100.,2026-01-23,,
UCS,239,239,omc_untreated_pct,0.405 (fraction),40.5 (percent),Unit harmonization: OMC reported as fraction (<1). Converted to percent by ×100.,2026-01-23,,
UCS,240,240,omc_untreated_pct,0.405 (fraction),40.5 (percent),Unit harmonization: OMC reported as fraction (<1). Converted to percent by ×100.,2026-01-23,,
UCS,241,241,omc_untreated_pct,0.405 (fraction),40.5 (percent),Unit harmonization: OMC reported as fraction (<1). Converted to percent by ×100.,2026-01-23,,
UCS,242,242,omc_untreated_pct,0.405 (fraction),40.5 (percent),Unit harmonization: OMC reported as fraction (<1). Converted to percent by ×100.,2026-01-23,,
UCS,243,243,omc_untreated_pct,0.405 (fraction),40.5 (percent),Unit harmonization: OMC reported as fraction (<1). Converted to percent by ×100.,2026-01-23,,
