universal_id,source_dataset,source_doi,domain_family,response_type,ucs_kpa,cbr_pct,cbr_condition,curing_days,soil_id,soil_class,soil_location,sand_pct,silt_pct,clay_pct,gravel_pct,ll_pct,pl_pct,pi_pct,specific_gravity,omc_pct,mdd_gcm3,water_content_pct,dry_density_gcm3,cement_pct,lime_pct,fly_ash_pct,ggbs_pct,rice_husk_ash_pct,pond_ash_pct,marble_powder_pct,harha_pct,fgd_gypsum_pct,biopolymer_pct,xanthan_gum_pct,guar_gum_pct,chitosan_pct,lignin_pct,fiber_pct,polypropylene_pct,jute_pct,waste_plastic_pct,sludge_pct,coconut_shell_pct,naoh_pct,na2sio3_pct,alkali_activator_pct,water_binder_ratio,compaction_rate_mm_min,ucs_class,ucs_high_binary,kgco2e_per_100kg_soil,source_baseline,gain,gain_per_co2,pareto_response,cbr_class,cbr_pass_8
UCDV1_01315,DataGouv_10.57745_L6EIIT_CastanedaLopez_2025,10.57745/L6EIIT,cement_lime,UCS,2420.0,,,93.0,A,cement_stabilized_soil_A_or_B,,,,,,,,,,15.5,1.79,14.7,1.71,2.98,0.0,,,,,,,,,,,,,,,,,,,,,,,,high,1.0,2.533,630.0,1790.0,706.6719305171733,UCS,,
UCDV1_01340,DataGouv_10.57745_L6EIIT_CastanedaLopez_2025,10.57745/L6EIIT,cement_lime,UCS,1620.0,,,53.0,A,cement_stabilized_soil_A_or_B,,,,,,,,,,15.5,1.76,14.9,1.76,2.43,0.0,,,,,,,,,,,,,,,,,,,,,,,,high,1.0,2.0655,630.0,990.0,479.3028322440087,UCS,,
UCDV1_01351,DataGouv_10.57745_L6EIIT_CastanedaLopez_2025,10.57745/L6EIIT,cement_lime,UCS,1130.0,,,37.0,B,cement_stabilized_soil_A_or_B,,,,,,,,,,10.0,1.93,9.3,1.93,1.99,0.0,,,,,,,,,,,,,,,,,,,,,,,,medium,0.0,1.6915,630.0,500.0,295.5956251847473,UCS,,
UCDV1_01152,Figshare_28553693_Teodoru_OwusuYeboah_2025,10.6084/m9.figshare.28553693.v2,cement_lime,UCS,1392.578727,,,28.0,Iasi_clayey_silt_clSi,clayey_silt_clSi_EN_ISO_14688,,9.0,64.0,27.0,,36.0,24.0,12.0,,14.9,1.537,,,2.5,0.0,,,,,,,,,,,,,,,,,,,,,,,0.75,medium,0.0,2.125,157.4657076,1235.1130194,581.2296561882353,UCS,,
UCDV1_01191,Figshare_28553693_Teodoru_OwusuYeboah_2025,10.6084/m9.figshare.28553693.v2,cement_lime,UCS,2912.764086,,,28.0,Iasi_clayey_silt_clSi,clayey_silt_clSi_EN_ISO_14688,,9.0,64.0,27.0,,36.0,24.0,12.0,,14.9,1.537,,,5.0,0.0,,,,,,,,,,,,,,,,,,,,,,,1.0,high,1.0,4.25,157.4657076,2755.2983784000003,648.3055008000001,UCS,,
UCDV1_01228,Figshare_28553693_Teodoru_OwusuYeboah_2025,10.6084/m9.figshare.28553693.v2,cement_lime,UCS,4401.716567,,,28.0,Iasi_clayey_silt_clSi,clayey_silt_clSi_EN_ISO_14688,,9.0,64.0,27.0,,36.0,24.0,12.0,,14.9,1.537,,,7.5,0.0,,,,,,,,,,,,,,,,,,,,,,,1.0,very_high,1.0,6.375,157.4657076,4244.2508594,665.7648406901961,UCS,,
UCDV1_01256,Figshare_28553693_Teodoru_OwusuYeboah_2025,10.6084/m9.figshare.28553693.v2,cement_lime,UCS,5054.611964,,,14.0,Iasi_clayey_silt_clSi,clayey_silt_clSi_EN_ISO_14688,,9.0,64.0,27.0,,36.0,24.0,12.0,,14.9,1.537,,,10.0,0.0,,,,,,,,,,,,,,,,,,,,,,,1.25,very_high,1.0,8.5,157.4657076,4897.146256399999,576.1348536941176,UCS,,
UCDV1_01276,Figshare_28553693_Teodoru_OwusuYeboah_2025,10.6084/m9.figshare.28553693.v2,cement_lime,UCS,188.0466283,,,0.0,Iasi_clayey_silt_clSi,clayey_silt_clSi_EN_ISO_14688,,9.0,64.0,27.0,,36.0,24.0,12.0,,14.9,1.537,,,0.0,0.0,,,,,,,,,,,,,,,,,,,,,,,1.0,low,0.0,0.0,157.4657076,30.580920700000007,,UCS,,
UCDV1_00090,Luo et al. (2025) open GitHub UCS benchmark,10.1007/s42452-025-07766-9,geopolymer_ash_cementitious,UCS,2195.0,,,120.0,,,,,,,,35.5,,21.2,,,1.696,21.57,,60.0,,32.0,0.0,,,,,,,,,,,,,,,,,0.0,0.0,,0.0,,high,1.0,51.96,16.9,2178.1,41.91878367975365,UCS,,
UCDV1_00135,Luo et al. (2025) open GitHub UCS benchmark,10.1007/s42452-025-07766-9,geopolymer_ash_cementitious,UCS,518.0,,,28.0,,,,,,,,61.0,,20.0,,,1.51937715733711,21.8,,50.0,,0.0,50.0,,,,,,,,,,,,,,,,,0.0,0.0,,0.0,,medium,0.0,46.5,16.9,501.1,10.776344086021506,UCS,,
UCDV1_00136,Luo et al. (2025) open GitHub UCS benchmark,10.1007/s42452-025-07766-9,geopolymer_ash_cementitious,UCS,320.0,,,0.0,,,,,,,,78.0,,45.0,,,1.68061224489796,19.0,,0.0,,0.0,100.0,,,,,,,,,,,,,,,,,0.0,0.0,,0.0,,low,0.0,8.0,16.9,303.1,37.8875,UCS,,
UCDV1_00148,Luo et al. (2025) open GitHub UCS benchmark,10.1007/s42452-025-07766-9,geopolymer_ash_cementitious,UCS,320.0,,,7.0,,,,,,,,78.0,,45.0,,,1.68061224489796,19.0,,0.0,,0.0,100.0,,,,,,,,,,,,,,,,,0.0,0.0,,0.0,,low,0.0,8.0,16.9,303.1,37.8875,UCS,,
UCDV1_00160,Luo et al. (2025) open GitHub UCS benchmark,10.1007/s42452-025-07766-9,geopolymer_ash_cementitious,UCS,320.0,,,14.0,,,,,,,,78.0,,45.0,,,1.68061224489796,19.0,,0.0,,0.0,100.0,,,,,,,,,,,,,,,,,0.0,0.0,,0.0,,low,0.0,8.0,16.9,303.1,37.8875,UCS,,
UCDV1_00172,Luo et al. (2025) open GitHub UCS benchmark,10.1007/s42452-025-07766-9,geopolymer_ash_cementitious,UCS,320.0,,,28.0,,,,,,,,78.0,,45.0,,,1.68061224489796,19.0,,0.0,,0.0,100.0,,,,,,,,,,,,,,,,,0.0,0.0,,0.0,,low,0.0,8.0,16.9,303.1,37.8875,UCS,,
UCDV1_00335,Luo et al. (2025) open GitHub UCS benchmark,10.1007/s42452-025-07766-9,geopolymer_ash_cementitious,UCS,10710.0,,,28.0,,,,,,,,34.2,,15.4,,,1.77,17.45,,63.0,,30.0,0.0,,,,,,,,,,,,,,,,,2.1727847794082,4.8272152205918,,0.0,,very_high,1.0,61.401835433822455,16.9,10693.1,174.14951726524183,UCS,,
UCDV1_00336,Luo et al. (2025) open GitHub UCS benchmark,10.1007/s42452-025-07766-9,geopolymer_ash_cementitious,UCS,7550.0,,,28.0,,,,,,,,34.2,,15.4,,,1.77,17.45,,65.0,,30.0,0.0,,,,,,,,,,,,,,,,,1.26370284663196,3.73629715336804,,0.0,,very_high,1.0,61.029110853989586,16.9,7533.1,123.43453631534511,UCS,,
UCDV1_00349,Luo et al. (2025) open GitHub UCS benchmark,10.1007/s42452-025-07766-9,geopolymer_ash_cementitious,UCS,3936.39,,,28.0,,,,,,,,46.0,,5.0,,,1.5,30.0,,70.0,,0.0,0.0,,,,,,,,,,,,,,,,,0.0,0.0,,0.0,,very_high,1.0,59.5,16.9,3919.49,65.87378151260504,UCS,,
UCDV1_00654,Luo et al. (2025) open GitHub UCS benchmark,10.1007/s42452-025-07766-9,geopolymer_ash_cementitious,UCS,23480.0,,,28.0,,,,,,,,37.7,,14.07,,,1.68827726809378,19.05,,67.5088316206503,,0.0,28.3531422178288,,,,,,,,,,,,,,,,,4.13802616152095,0.0,,0.0,,very_high,1.0,64.61638964880419,16.9,23463.1,363.11375685834554,UCS,,
UCDV1_00659,Luo et al. (2025) open GitHub UCS benchmark,10.1007/s42452-025-07766-9,geopolymer_ash_cementitious,UCS,24260.0,,,28.0,,,,,,,,37.7,,14.07,,,1.68827726809378,19.05,,66.2896829875769,,0.0,27.8411100325816,,,,,,,,,,,,,,,,,5.86920697984153,0.0,,0.0,,very_high,1.0,65.61656771785673,16.9,24243.1,369.4661400797796,UCS,,
UCDV1_00724,Mendeley 55v6f5yb89 - ASM geopolymer activator soil stabilization,10.17632/55v6f5yb89.1,alkali_activated_geopolymer,UCS,4475.0,,,28.0,,,,,,,,,,,,,,,,,,,,,,,,,,,,,,,,,,,,,,0.075,,,very_high,1.0,0.075,5.0,4470.0,59600.0,UCS,,
UCDV1_00726,Mendeley 55v6f5yb89 - ASM geopolymer activator soil stabilization,10.17632/55v6f5yb89.1,alkali_activated_geopolymer,UCS,3699.0,,,28.0,,,,,,,,,,,,,,,,,,,,,,,,,,,,,,,,,,,,,,0.025,,,very_high,1.0,0.025,5.0,3694.0,147760.0,UCS,,
UCDV1_00872,Mendeley 55v6f5yb89 - ASM geopolymer activator soil stabilization,10.17632/55v6f5yb89.1,alkali_activated_geopolymer,UCS,5768.0,,,28.0,,,,,,,,,,,,,,,,,,,0.25,,,,,,,,,,,,,,,,,,,0.25,,,very_high,1.0,0.27,5.0,5763.0,21344.44444444444,UCS,,
UCDV1_00873,Mendeley 55v6f5yb89 - ASM geopolymer activator soil stabilization,10.17632/55v6f5yb89.1,alkali_activated_geopolymer,UCS,5410.0,,,28.0,,,,,,,,,,,,,,,,,,,0.2,,,,,,,,,,,,,,,,,,,0.2,,,very_high,1.0,0.21600000000000003,5.0,5405.0,25023.148148148146,UCS,,
UCDV1_00874,Mendeley 55v6f5yb89 - ASM geopolymer activator soil stabilization,10.17632/55v6f5yb89.1,alkali_activated_geopolymer,UCS,4876.0,,,28.0,,,,,,,,,,,,,,,,,,,0.15,,,,,,,,,,,,,,,,,,,0.15,,,very_high,1.0,0.162,5.0,4871.0,30067.9012345679,UCS,,
UCDV1_00927,Mendeley 55v6f5yb89 - ASM geopolymer activator soil stabilization,10.17632/55v6f5yb89.1,alkali_activated_geopolymer,UCS,4440.0,,,28.0,,,,,,,,,,,,,,,,,,,,,,,,,,,,,,,,,,,,,,0.05,,,very_high,1.0,0.05,5.0,4435.0,88700.0,UCS,,
UCDV1_00973,Taffese and Abegaz 2022 Buildings supplementary Table S1,10.3390/buildings12050613,cement_lime,UCS,4400.0,,,28.0,,ML,,,,,,18.0,14.0,4.0,,8.5,2.08,,,3.0,0.0,,,,,,,,,,,,,,,,,,,,,,,,very_high,1.0,2.55,55.31,4344.69,1703.8,UCS,,
UCDV1_00981,Taffese and Abegaz 2022 Buildings supplementary Table S1,10.3390/buildings12050613,cement_lime,UCS,4700.0,,,28.0,,ML,,,,,,21.0,17.0,4.0,,8.5,2.08,,,4.0,0.0,,,,,,,,,,,,,,,,,,,,,,,,very_high,1.0,3.4,55.31,4644.69,1366.085294117647,UCS,,
UCDV1_01050,Taffese and Abegaz 2022 Buildings supplementary Table S1,10.3390/buildings12050613,cement_lime,UCS,3100.0,,,28.0,,CL,,,,,,32.0,17.0,15.0,,13.0,1.95,,,0.0,3.0,,,,,,,,,,,,,,,,,,,,,,,,very_high,1.0,2.25,55.31,3044.69,1353.1955555555555,UCS,,
UCDV1_01107,Taffese and Abegaz 2022 Buildings supplementary Table S1,10.3390/buildings12050613,cement_lime,UCS,5400.0,,,28.0,,MH,,,,,,52.0,34.0,18.0,,8.7,2.01,,,6.0,0.0,,,,,,,,,,,,,,,,,,,,,,,,very_high,1.0,5.1,55.31,5344.69,1047.978431372549,UCS,,
UCDV1_01120,Taffese and Abegaz 2022 Buildings supplementary Table S1,10.3390/buildings12050613,cement_lime,UCS,1025.0,,,28.0,,CL,,,,,,42.25,19.3,22.95,,14.5,1.72,,,0.0,0.0,,,,,,,,,,,,,,,,,,,,,,,,medium,0.0,0.0,55.31,969.69,,UCS,,
UCDV1_01121,Taffese and Abegaz 2022 Buildings supplementary Table S1,10.3390/buildings12050613,cement_lime,UCS,1120.0,,,28.0,,CL,,,,,,37.11,20.6,16.51,,15.1,1.73,,,0.0,2.0,,,,,,,,,,,,,,,,,,,,,,,,medium,0.0,1.5,55.31,1064.69,709.7933333333334,UCS,,
UCDV1_01750,Zenodo_19242690_Biopolymer_UCS_CBR_2026,"Zaid, Waleed. (2024). Improving the Geotechnical Properties of a Soil Using Xanthan Gum and Concrete Waste",biopolymer_multi_additive,UCS,6834.02,,,96.0,,,"Gaziantep University campus, Turkey",0.0,0.0,100.0,,35.16,28.31,6.85,,,1.80796,,,0.0,,,,,,,,,0.0,,,,,,,,,,,,,,,,very_high,1.0,0.0,76.0,6758.02,,UCS,,
UCDV1_01752,Zenodo_19242690_Biopolymer_UCS_CBR_2026,"Zaid, Waleed. (2024). Improving the Geotechnical Properties of a Soil Using Xanthan Gum and Concrete Waste",biopolymer_multi_additive,UCS,8395.09,,,96.0,,,"Gaziantep University campus, Turkey",0.0,0.0,100.0,,35.16,28.31,6.85,,,1.80796,,,0.0,,,,,,,,,1.0,,,,,,,,,,,,,,,,very_high,1.0,2.5,76.0,8319.09,3327.636,UCS,,
UCDV1_01753,Zenodo_19242690_Biopolymer_UCS_CBR_2026,"Zaid, Waleed. (2024). Improving the Geotechnical Properties of a Soil Using Xanthan Gum and Concrete Waste",biopolymer_multi_additive,UCS,11009.5,,,96.0,,,"Gaziantep University campus, Turkey",0.0,0.0,100.0,,35.16,28.31,6.85,,,1.80796,,,0.0,,,,,,,,,2.5,,,,,,,,,,,,,,,,very_high,1.0,6.25,76.0,10933.5,1749.36,UCS,,
UCDV1_01754,Zenodo_19242690_Biopolymer_UCS_CBR_2026,"Zaid, Waleed. (2024). Improving the Geotechnical Properties of a Soil Using Xanthan Gum and Concrete Waste",biopolymer_multi_additive,UCS,13302.4,,,96.0,,,"Gaziantep University campus, Turkey",0.0,0.0,100.0,,35.16,28.31,6.85,,,1.80796,,,0.0,,,,,,,,,4.0,,,,,,,,,,,,,,,,very_high,1.0,10.0,76.0,13226.4,1322.6399999999999,UCS,,
UCDV1_03341,Kafle and Baghbani 2025 WTS stabilisation,10.3390/su17219919,mixed_stabilized_soil,CBR,,30.66,,,,,,,,,,,,,,32.4,1.295,,,0.0,5.0,,,,,,,,,,,,,,,,,,,,,,,,,,3.75,0.9,29.76,7.936000000000001,CBR,strong_>20,1.0
UCDV1_03342,Kafle and Baghbani 2025 WTS stabilisation,10.3390/su17219919,mixed_stabilized_soil,CBR,,30.66,,,,,,,,,,,,,,32.4,1.295,,,0.0,5.0,,,,,,,,,,,,,,,,,,,,,,,,,,3.75,0.9,29.76,7.936000000000001,CBR,strong_>20,1.0
UCDV1_03343,Kafle and Baghbani 2025 WTS stabilisation,10.3390/su17219919,mixed_stabilized_soil,CBR,,58.67,,,,,,,,,,,,,,33.6,1.308,,,0.0,10.0,,,,,,,,,,,,,,,,,,,,,,,,,,7.5,0.9,57.77,7.702666666666667,CBR,strong_>20,1.0
UCDV1_03344,Kafle and Baghbani 2025 WTS stabilisation,10.3390/su17219919,mixed_stabilized_soil,CBR,,58.67,,,,,,,,,,,,,,33.6,1.308,,,0.0,10.0,,,,,,,,,,,,,,,,,,,,,,,,,,7.5,0.9,57.77,7.702666666666667,CBR,strong_>20,1.0
UCDV1_03349,Kafle and Baghbani 2025 WTS stabilisation,10.3390/su17219919,mixed_stabilized_soil,CBR,,20.0,,,,,,,,,,,,,,35.1,1.218,,,0.0,0.0,,,,,,,,,,,,,,,,,,,,,,,,,,0.0,0.9,19.1,,CBR,usable_8_20,1.0
UCDV1_03350,Kafle and Baghbani 2025 WTS stabilisation,10.3390/su17219919,mixed_stabilized_soil,CBR,,20.0,,,,,,,,,,,,,,35.1,1.218,,,0.0,0.0,,,,,,,,,,,,,,,,,,,,,,,,,,0.0,0.9,19.1,,CBR,usable_8_20,1.0
UCDV1_03351,Kafle and Baghbani 2025 WTS stabilisation,10.3390/su17219919,mixed_stabilized_soil,CBR,,24.0,,,,,,,,,,,,,,36.7,1.21,,,2.0,0.0,,,,,,,,,,,,,,,,,,,,,,,,,,1.7,0.9,23.1,13.588235294117649,CBR,strong_>20,1.0
UCDV1_03352,Kafle and Baghbani 2025 WTS stabilisation,10.3390/su17219919,mixed_stabilized_soil,CBR,,24.0,,,,,,,,,,,,,,36.7,1.21,,,2.0,0.0,,,,,,,,,,,,,,,,,,,,,,,,,,1.7,0.9,23.1,13.588235294117649,CBR,strong_>20,1.0
UCDV1_03353,Kafle and Baghbani 2025 WTS stabilisation,10.3390/su17219919,mixed_stabilized_soil,CBR,,30.0,,,,,,,,,,,,,,38.4,1.201,,,4.0,0.0,,,,,,,,,,,,,,,,,,,,,,,,,,3.4,0.9,29.1,8.558823529411764,CBR,strong_>20,1.0
UCDV1_03354,Kafle and Baghbani 2025 WTS stabilisation,10.3390/su17219919,mixed_stabilized_soil,CBR,,30.0,,,,,,,,,,,,,,38.4,1.201,,,4.0,0.0,,,,,,,,,,,,,,,,,,,,,,,,,,3.4,0.9,29.1,8.558823529411764,CBR,strong_>20,1.0
UCDV1_03355,Kafle and Baghbani 2025 WTS stabilisation,10.3390/su17219919,mixed_stabilized_soil,CBR,,51.0,,,,,,,,,,,,,,36.5,1.24,,,6.0,0.0,,,,,,,,,,,,,,,,,,,,,,,,,,5.1,0.9,50.1,9.823529411764707,CBR,strong_>20,1.0
UCDV1_03356,Kafle and Baghbani 2025 WTS stabilisation,10.3390/su17219919,mixed_stabilized_soil,CBR,,51.0,,,,,,,,,,,,,,36.5,1.24,,,6.0,0.0,,,,,,,,,,,,,,,,,,,,,,,,,,5.1,0.9,50.1,9.823529411764707,CBR,strong_>20,1.0
UCDV1_02671,Scientific Reports supplementary table - HARHA-treated expansive soil CBR,10.1038/s41598-023-40903-1,mixed_stabilized_soil,CBR,,8.0,,,,,,,,,,66.0,21.0,45.0,,16.0,1.25,,,,,,,,,,0.0,,,,,,,,,,,,,,,,,,,,0.0,8.0,0.0,,CBR,marginal_5_8,1.0
UCDV1_02672,Scientific Reports supplementary table - HARHA-treated expansive soil CBR,10.1038/s41598-023-40903-1,mixed_stabilized_soil,CBR,,8.0,,,,,,,,,,66.0,21.0,45.0,,16.0,1.25,,,,,,,,,,0.0,,,,,,,,,,,,,,,,,,,,0.0,8.0,0.0,,CBR,marginal_5_8,1.0
UCDV1_02673,Scientific Reports supplementary table - HARHA-treated expansive soil CBR,10.1038/s41598-023-40903-1,mixed_stabilized_soil,CBR,,8.1,,,,,,,,,,66.0,21.0,45.0,,16.0,1.25,,,,,,,,,,0.1,,,,,,,,,,,,,,,,,,,,0.004,8.0,0.09999999999999964,24.99999999999991,CBR,usable_8_20,1.0
UCDV1_02674,Scientific Reports supplementary table - HARHA-treated expansive soil CBR,10.1038/s41598-023-40903-1,mixed_stabilized_soil,CBR,,8.1,,,,,,,,,,66.0,21.0,45.0,,16.0,1.25,,,,,,,,,,0.1,,,,,,,,,,,,,,,,,,,,0.004,8.0,0.09999999999999964,24.99999999999991,CBR,usable_8_20,1.0
UCDV1_02675,Scientific Reports supplementary table - HARHA-treated expansive soil CBR,10.1038/s41598-023-40903-1,mixed_stabilized_soil,CBR,,8.2,,,,,,,,,,65.7,20.9,44.8,,16.1,1.27,,,,,,,,,,0.2,,,,,,,,,,,,,,,,,,,,0.008,8.0,0.1999999999999993,24.99999999999991,CBR,usable_8_20,1.0
UCDV1_02676,Scientific Reports supplementary table - HARHA-treated expansive soil CBR,10.1038/s41598-023-40903-1,mixed_stabilized_soil,CBR,,8.2,,,,,,,,,,65.7,20.9,44.8,,16.1,1.27,,,,,,,,,,0.2,,,,,,,,,,,,,,,,,,,,0.008,8.0,0.1999999999999993,24.99999999999991,CBR,usable_8_20,1.0
UCDV1_02679,Scientific Reports supplementary table - HARHA-treated expansive soil CBR,10.1038/s41598-023-40903-1,mixed_stabilized_soil,CBR,,8.3,,,,,,,,,,65.3,20.8,44.5,,16.3,1.28,,,,,,,,,,0.4,,,,,,,,,,,,,,,,,,,,0.016,8.0,0.3000000000000007,18.750000000000043,CBR,usable_8_20,1.0
UCDV1_02680,Scientific Reports supplementary table - HARHA-treated expansive soil CBR,10.1038/s41598-023-40903-1,mixed_stabilized_soil,CBR,,8.3,,,,,,,,,,65.3,20.8,44.5,,16.3,1.28,,,,,,,,,,0.4,,,,,,,,,,,,,,,,,,,,0.016,8.0,0.3000000000000007,18.750000000000043,CBR,usable_8_20,1.0
UCDV1_02681,Scientific Reports supplementary table - HARHA-treated expansive soil CBR,10.1038/s41598-023-40903-1,mixed_stabilized_soil,CBR,,8.5,,,,,,,,,,65.0,21.0,44.0,,16.4,1.3,,,,,,,,,,0.5,,,,,,,,,,,,,,,,,,,,0.02,8.0,0.5,25.0,CBR,usable_8_20,1.0
UCDV1_02682,Scientific Reports supplementary table - HARHA-treated expansive soil CBR,10.1038/s41598-023-40903-1,mixed_stabilized_soil,CBR,,8.5,,,,,,,,,,65.0,21.0,44.0,,16.4,1.3,,,,,,,,,,0.5,,,,,,,,,,,,,,,,,,,,0.02,8.0,0.5,25.0,CBR,usable_8_20,1.0
UCDV1_02683,Scientific Reports supplementary table - HARHA-treated expansive soil CBR,10.1038/s41598-023-40903-1,mixed_stabilized_soil,CBR,,8.55,,,,,,,,,,64.8,20.8,44.0,,16.4,1.31,,,,,,,,,,0.6,,,,,,,,,,,,,,,,,,,,0.024,8.0,0.5500000000000007,22.916666666666696,CBR,usable_8_20,1.0
UCDV1_02684,Scientific Reports supplementary table - HARHA-treated expansive soil CBR,10.1038/s41598-023-40903-1,mixed_stabilized_soil,CBR,,8.55,,,,,,,,,,64.8,20.8,44.0,,16.4,1.31,,,,,,,,,,0.6,,,,,,,,,,,,,,,,,,,,0.024,8.0,0.5500000000000007,22.916666666666696,CBR,usable_8_20,1.0
UCDV1_02685,Scientific Reports supplementary table - HARHA-treated expansive soil CBR,10.1038/s41598-023-40903-1,mixed_stabilized_soil,CBR,,8.6,,,,,,,,,,64.5,20.8,43.7,,16.45,1.31,,,,,,,,,,0.7,,,,,,,,,,,,,,,,,,,,0.027999999999999997,8.0,0.5999999999999996,21.428571428571416,CBR,usable_8_20,1.0
UCDV1_02686,Scientific Reports supplementary table - HARHA-treated expansive soil CBR,10.1038/s41598-023-40903-1,mixed_stabilized_soil,CBR,,8.6,,,,,,,,,,64.5,20.8,43.7,,16.45,1.31,,,,,,,,,,0.7,,,,,,,,,,,,,,,,,,,,0.027999999999999997,8.0,0.5999999999999996,21.428571428571416,CBR,usable_8_20,1.0
UCDV1_02689,Scientific Reports supplementary table - HARHA-treated expansive soil CBR,10.1038/s41598-023-40903-1,mixed_stabilized_soil,CBR,,8.85,,,,,,,,,,63.5,20.9,42.6,,16.49,1.33,,,,,,,,,,0.9,,,,,,,,,,,,,,,,,,,,0.036000000000000004,8.0,0.8499999999999996,23.6111111111111,CBR,usable_8_20,1.0
UCDV1_02690,Scientific Reports supplementary table - HARHA-treated expansive soil CBR,10.1038/s41598-023-40903-1,mixed_stabilized_soil,CBR,,8.85,,,,,,,,,,63.5,20.9,42.6,,16.49,1.33,,,,,,,,,,0.9,,,,,,,,,,,,,,,,,,,,0.036000000000000004,8.0,0.8499999999999996,23.6111111111111,CBR,usable_8_20,1.0
UCDV1_02691,Scientific Reports supplementary table - HARHA-treated expansive soil CBR,10.1038/s41598-023-40903-1,mixed_stabilized_soil,CBR,,9.2,,,,,,,,,,63.0,21.0,42.0,,16.5,1.35,,,,,,,,,,1.0,,,,,,,,,,,,,,,,,,,,0.04,8.0,1.1999999999999993,29.999999999999982,CBR,usable_8_20,1.0
UCDV1_02692,Scientific Reports supplementary table - HARHA-treated expansive soil CBR,10.1038/s41598-023-40903-1,mixed_stabilized_soil,CBR,,9.2,,,,,,,,,,63.0,21.0,42.0,,16.5,1.35,,,,,,,,,,1.0,,,,,,,,,,,,,,,,,,,,0.04,8.0,1.1999999999999993,29.999999999999982,CBR,usable_8_20,1.0
UCDV1_02693,Scientific Reports supplementary table - HARHA-treated expansive soil CBR,10.1038/s41598-023-40903-1,mixed_stabilized_soil,CBR,,9.25,,,,,,,,,,62.5,20.6,41.9,,16.6,1.35,,,,,,,,,,1.1,,,,,,,,,,,,,,,,,,,,0.044000000000000004,8.0,1.25,28.409090909090907,CBR,usable_8_20,1.0
UCDV1_02694,Scientific Reports supplementary table - HARHA-treated expansive soil CBR,10.1038/s41598-023-40903-1,mixed_stabilized_soil,CBR,,9.25,,,,,,,,,,62.5,20.6,41.9,,16.6,1.35,,,,,,,,,,1.1,,,,,,,,,,,,,,,,,,,,0.044000000000000004,8.0,1.25,28.409090909090907,CBR,usable_8_20,1.0
UCDV1_02695,Scientific Reports supplementary table - HARHA-treated expansive soil CBR,10.1038/s41598-023-40903-1,mixed_stabilized_soil,CBR,,9.4,,,,,,,,,,62.1,20.3,41.8,,16.7,1.36,,,,,,,,,,1.2,,,,,,,,,,,,,,,,,,,,0.048,8.0,1.4000000000000004,29.166666666666675,CBR,usable_8_20,1.0
UCDV1_02696,Scientific Reports supplementary table - HARHA-treated expansive soil CBR,10.1038/s41598-023-40903-1,mixed_stabilized_soil,CBR,,9.4,,,,,,,,,,62.1,20.3,41.8,,16.7,1.36,,,,,,,,,,1.2,,,,,,,,,,,,,,,,,,,,0.048,8.0,1.4000000000000004,29.166666666666675,CBR,usable_8_20,1.0
UCDV1_02697,Scientific Reports supplementary table - HARHA-treated expansive soil CBR,10.1038/s41598-023-40903-1,mixed_stabilized_soil,CBR,,9.5,,,,,,,,,,61.9,20.2,41.7,,16.8,1.37,,,,,,,,,,1.3,,,,,,,,,,,,,,,,,,,,0.052000000000000005,8.0,1.5,28.846153846153843,CBR,usable_8_20,1.0
UCDV1_02698,Scientific Reports supplementary table - HARHA-treated expansive soil CBR,10.1038/s41598-023-40903-1,mixed_stabilized_soil,CBR,,9.5,,,,,,,,,,61.9,20.2,41.7,,16.8,1.37,,,,,,,,,,1.3,,,,,,,,,,,,,,,,,,,,0.052000000000000005,8.0,1.5,28.846153846153843,CBR,usable_8_20,1.0
UCDV1_02699,Scientific Reports supplementary table - HARHA-treated expansive soil CBR,10.1038/s41598-023-40903-1,mixed_stabilized_soil,CBR,,9.7,,,,,,,,,,61.7,20.1,41.6,,17.0,1.38,,,,,,,,,,1.4,,,,,,,,,,,,,,,,,,,,0.055999999999999994,8.0,1.6999999999999993,30.357142857142847,CBR,usable_8_20,1.0
UCDV1_02700,Scientific Reports supplementary table - HARHA-treated expansive soil CBR,10.1038/s41598-023-40903-1,mixed_stabilized_soil,CBR,,9.7,,,,,,,,,,61.7,20.1,41.6,,17.0,1.38,,,,,,,,,,1.4,,,,,,,,,,,,,,,,,,,,0.055999999999999994,8.0,1.6999999999999993,30.357142857142847,CBR,usable_8_20,1.0
UCDV1_02701,Scientific Reports supplementary table - HARHA-treated expansive soil CBR,10.1038/s41598-023-40903-1,mixed_stabilized_soil,CBR,,9.8,,,,,,,,,,61.5,20.0,41.5,,17.2,1.38,,,,,,,,,,1.5,,,,,,,,,,,,,,,,,,,,0.06,8.0,1.8000000000000007,30.000000000000014,CBR,usable_8_20,1.0
UCDV1_02702,Scientific Reports supplementary table - HARHA-treated expansive soil CBR,10.1038/s41598-023-40903-1,mixed_stabilized_soil,CBR,,9.8,,,,,,,,,,61.5,20.0,41.5,,17.2,1.38,,,,,,,,,,1.5,,,,,,,,,,,,,,,,,,,,0.06,8.0,1.8000000000000007,30.000000000000014,CBR,usable_8_20,1.0
UCDV1_02705,Scientific Reports supplementary table - HARHA-treated expansive soil CBR,10.1038/s41598-023-40903-1,mixed_stabilized_soil,CBR,,9.85,,,,,,,,,,61.3,20.0,41.3,,17.3,1.39,,,,,,,,,,1.7,,,,,,,,,,,,,,,,,,,,0.068,8.0,1.8499999999999996,27.20588235294117,CBR,usable_8_20,1.0
UCDV1_02706,Scientific Reports supplementary table - HARHA-treated expansive soil CBR,10.1038/s41598-023-40903-1,mixed_stabilized_soil,CBR,,9.85,,,,,,,,,,61.3,20.0,41.3,,17.3,1.39,,,,,,,,,,1.7,,,,,,,,,,,,,,,,,,,,0.068,8.0,1.8499999999999996,27.20588235294117,CBR,usable_8_20,1.0
UCDV1_02707,Scientific Reports supplementary table - HARHA-treated expansive soil CBR,10.1038/s41598-023-40903-1,mixed_stabilized_soil,CBR,,9.92,,,,,,,,,,61.3,20.1,41.2,,17.5,1.4,,,,,,,,,,1.8,,,,,,,,,,,,,,,,,,,,0.07200000000000001,8.0,1.92,26.666666666666664,CBR,usable_8_20,1.0
UCDV1_02708,Scientific Reports supplementary table - HARHA-treated expansive soil CBR,10.1038/s41598-023-40903-1,mixed_stabilized_soil,CBR,,9.92,,,,,,,,,,61.3,20.1,41.2,,17.5,1.4,,,,,,,,,,1.8,,,,,,,,,,,,,,,,,,,,0.07200000000000001,8.0,1.92,26.666666666666664,CBR,usable_8_20,1.0
UCDV1_02709,Scientific Reports supplementary table - HARHA-treated expansive soil CBR,10.1038/s41598-023-40903-1,mixed_stabilized_soil,CBR,,9.96,,,,,,,,,,61.2,20.1,41.1,,17.7,1.41,,,,,,,,,,1.9,,,,,,,,,,,,,,,,,,,,0.076,8.0,1.9600000000000009,25.789473684210538,CBR,usable_8_20,1.0
UCDV1_02710,Scientific Reports supplementary table - HARHA-treated expansive soil CBR,10.1038/s41598-023-40903-1,mixed_stabilized_soil,CBR,,9.96,,,,,,,,,,61.2,20.1,41.1,,17.7,1.41,,,,,,,,,,1.9,,,,,,,,,,,,,,,,,,,,0.076,8.0,1.9600000000000009,25.789473684210538,CBR,usable_8_20,1.0
UCDV1_02711,Scientific Reports supplementary table - HARHA-treated expansive soil CBR,10.1038/s41598-023-40903-1,mixed_stabilized_soil,CBR,,10.4,,,,,,,,,,61.0,20.0,41.0,,17.8,1.41,,,,,,,,,,2.0,,,,,,,,,,,,,,,,,,,,0.08,8.0,2.4000000000000004,30.000000000000004,CBR,usable_8_20,1.0
UCDV1_02712,Scientific Reports supplementary table - HARHA-treated expansive soil CBR,10.1038/s41598-023-40903-1,mixed_stabilized_soil,CBR,,10.4,,,,,,,,,,61.0,20.0,41.0,,17.8,1.41,,,,,,,,,,2.0,,,,,,,,,,,,,,,,,,,,0.08,8.0,2.4000000000000004,30.000000000000004,CBR,usable_8_20,1.0
UCDV1_02715,Scientific Reports supplementary table - HARHA-treated expansive soil CBR,10.1038/s41598-023-40903-1,mixed_stabilized_soil,CBR,,10.7,,,,,,,,,,60.7,19.7,41.0,,17.9,1.42,,,,,,,,,,2.2,,,,,,,,,,,,,,,,,,,,0.08800000000000001,8.0,2.6999999999999993,30.68181818181817,CBR,usable_8_20,1.0
UCDV1_02716,Scientific Reports supplementary table - HARHA-treated expansive soil CBR,10.1038/s41598-023-40903-1,mixed_stabilized_soil,CBR,,10.7,,,,,,,,,,60.7,19.7,41.0,,17.9,1.42,,,,,,,,,,2.2,,,,,,,,,,,,,,,,,,,,0.08800000000000001,8.0,2.6999999999999993,30.68181818181817,CBR,usable_8_20,1.0
UCDV1_02717,Scientific Reports supplementary table - HARHA-treated expansive soil CBR,10.1038/s41598-023-40903-1,mixed_stabilized_soil,CBR,,11.0,,,,,,,,,,60.6,19.6,41.0,,18.0,1.425,,,,,,,,,,2.3,,,,,,,,,,,,,,,,,,,,0.092,8.0,3.0,32.608695652173914,CBR,usable_8_20,1.0
UCDV1_02718,Scientific Reports supplementary table - HARHA-treated expansive soil CBR,10.1038/s41598-023-40903-1,mixed_stabilized_soil,CBR,,11.0,,,,,,,,,,60.6,19.6,41.0,,18.0,1.425,,,,,,,,,,2.3,,,,,,,,,,,,,,,,,,,,0.092,8.0,3.0,32.608695652173914,CBR,usable_8_20,1.0
UCDV1_02719,Scientific Reports supplementary table - HARHA-treated expansive soil CBR,10.1038/s41598-023-40903-1,mixed_stabilized_soil,CBR,,11.6,,,,,,,,,,60.4,19.4,41.0,,18.2,1.43,,,,,,,,,,2.4,,,,,,,,,,,,,,,,,,,,0.096,8.0,3.5999999999999996,37.49999999999999,CBR,usable_8_20,1.0
UCDV1_02720,Scientific Reports supplementary table - HARHA-treated expansive soil CBR,10.1038/s41598-023-40903-1,mixed_stabilized_soil,CBR,,11.6,,,,,,,,,,60.4,19.4,41.0,,18.2,1.43,,,,,,,,,,2.4,,,,,,,,,,,,,,,,,,,,0.096,8.0,3.5999999999999996,37.49999999999999,CBR,usable_8_20,1.0
UCDV1_02721,Scientific Reports supplementary table - HARHA-treated expansive soil CBR,10.1038/s41598-023-40903-1,mixed_stabilized_soil,CBR,,12.0,,,,,,,,,,60.0,19.0,41.0,,18.3,1.43,,,,,,,,,,2.5,,,,,,,,,,,,,,,,,,,,0.1,8.0,4.0,40.0,CBR,usable_8_20,1.0
UCDV1_02722,Scientific Reports supplementary table - HARHA-treated expansive soil CBR,10.1038/s41598-023-40903-1,mixed_stabilized_soil,CBR,,12.0,,,,,,,,,,60.0,19.0,41.0,,18.3,1.43,,,,,,,,,,2.5,,,,,,,,,,,,,,,,,,,,0.1,8.0,4.0,40.0,CBR,usable_8_20,1.0
UCDV1_02723,Scientific Reports supplementary table - HARHA-treated expansive soil CBR,10.1038/s41598-023-40903-1,mixed_stabilized_soil,CBR,,12.1,,,,,,,,,,59.8,19.0,40.8,,18.35,1.435,,,,,,,,,,2.6,,,,,,,,,,,,,,,,,,,,0.10400000000000001,8.0,4.1,39.42307692307691,CBR,usable_8_20,1.0
UCDV1_02724,Scientific Reports supplementary table - HARHA-treated expansive soil CBR,10.1038/s41598-023-40903-1,mixed_stabilized_soil,CBR,,12.1,,,,,,,,,,59.8,19.0,40.8,,18.35,1.435,,,,,,,,,,2.6,,,,,,,,,,,,,,,,,,,,0.10400000000000001,8.0,4.1,39.42307692307691,CBR,usable_8_20,1.0
UCDV1_02725,Scientific Reports supplementary table - HARHA-treated expansive soil CBR,10.1038/s41598-023-40903-1,mixed_stabilized_soil,CBR,,12.4,,,,,,,,,,59.7,19.1,40.6,,18.4,1.45,,,,,,,,,,2.7,,,,,,,,,,,,,,,,,,,,0.10800000000000001,8.0,4.4,40.74074074074074,CBR,usable_8_20,1.0
UCDV1_02726,Scientific Reports supplementary table - HARHA-treated expansive soil CBR,10.1038/s41598-023-40903-1,mixed_stabilized_soil,CBR,,12.4,,,,,,,,,,59.7,19.1,40.6,,18.4,1.45,,,,,,,,,,2.7,,,,,,,,,,,,,,,,,,,,0.10800000000000001,8.0,4.4,40.74074074074074,CBR,usable_8_20,1.0
UCDV1_02727,Scientific Reports supplementary table - HARHA-treated expansive soil CBR,10.1038/s41598-023-40903-1,mixed_stabilized_soil,CBR,,12.9,,,,,,,,,,59.5,19.1,40.4,,18.45,1.455,,,,,,,,,,2.8,,,,,,,,,,,,,,,,,,,,0.11199999999999999,8.0,4.9,43.75000000000001,CBR,usable_8_20,1.0
UCDV1_02728,Scientific Reports supplementary table - HARHA-treated expansive soil CBR,10.1038/s41598-023-40903-1,mixed_stabilized_soil,CBR,,12.9,,,,,,,,,,59.5,19.1,40.4,,18.45,1.455,,,,,,,,,,2.8,,,,,,,,,,,,,,,,,,,,0.11199999999999999,8.0,4.9,43.75000000000001,CBR,usable_8_20,1.0
UCDV1_02729,Scientific Reports supplementary table - HARHA-treated expansive soil CBR,10.1038/s41598-023-40903-1,mixed_stabilized_soil,CBR,,13.3,,,,,,,,,,59.2,19.0,40.2,,18.5,1.46,,,,,,,,,,2.9,,,,,,,,,,,,,,,,,,,,0.11599999999999999,8.0,5.300000000000001,45.6896551724138,CBR,usable_8_20,1.0
UCDV1_02730,Scientific Reports supplementary table - HARHA-treated expansive soil CBR,10.1038/s41598-023-40903-1,mixed_stabilized_soil,CBR,,13.3,,,,,,,,,,59.2,19.0,40.2,,18.5,1.46,,,,,,,,,,2.9,,,,,,,,,,,,,,,,,,,,0.11599999999999999,8.0,5.300000000000001,45.6896551724138,CBR,usable_8_20,1.0
UCDV1_02731,Scientific Reports supplementary table - HARHA-treated expansive soil CBR,10.1038/s41598-023-40903-1,mixed_stabilized_soil,CBR,,13.8,,,,,,,,,,59.0,19.0,40.0,,18.5,1.46,,,,,,,,,,3.0,,,,,,,,,,,,,,,,,,,,0.12,8.0,5.800000000000001,48.33333333333334,CBR,usable_8_20,1.0
UCDV1_02732,Scientific Reports supplementary table - HARHA-treated expansive soil CBR,10.1038/s41598-023-40903-1,mixed_stabilized_soil,CBR,,13.8,,,,,,,,,,59.0,19.0,40.0,,18.5,1.46,,,,,,,,,,3.0,,,,,,,,,,,,,,,,,,,,0.12,8.0,5.800000000000001,48.33333333333334,CBR,usable_8_20,1.0
UCDV1_02733,Scientific Reports supplementary table - HARHA-treated expansive soil CBR,10.1038/s41598-023-40903-1,mixed_stabilized_soil,CBR,,13.9,,,,,,,,,,58.8,19.2,39.6,,18.55,1.47,,,,,,,,,,3.1,,,,,,,,,,,,,,,,,,,,0.12400000000000001,8.0,5.9,47.58064516129032,CBR,usable_8_20,1.0
UCDV1_02734,Scientific Reports supplementary table - HARHA-treated expansive soil CBR,10.1038/s41598-023-40903-1,mixed_stabilized_soil,CBR,,13.9,,,,,,,,,,58.8,19.2,39.6,,18.55,1.47,,,,,,,,,,3.1,,,,,,,,,,,,,,,,,,,,0.12400000000000001,8.0,5.9,47.58064516129032,CBR,usable_8_20,1.0
UCDV1_02735,Scientific Reports supplementary table - HARHA-treated expansive soil CBR,10.1038/s41598-023-40903-1,mixed_stabilized_soil,CBR,,14.2,,,,,,,,,,58.4,18.9,39.5,,18.6,1.475,,,,,,,,,,3.2,,,,,,,,,,,,,,,,,,,,0.128,8.0,6.199999999999999,48.43749999999999,CBR,usable_8_20,1.0
UCDV1_02736,Scientific Reports supplementary table - HARHA-treated expansive soil CBR,10.1038/s41598-023-40903-1,mixed_stabilized_soil,CBR,,14.2,,,,,,,,,,58.4,18.9,39.5,,18.6,1.475,,,,,,,,,,3.2,,,,,,,,,,,,,,,,,,,,0.128,8.0,6.199999999999999,48.43749999999999,CBR,usable_8_20,1.0
UCDV1_02737,Scientific Reports supplementary table - HARHA-treated expansive soil CBR,10.1038/s41598-023-40903-1,mixed_stabilized_soil,CBR,,14.5,,,,,,,,,,57.9,19.1,38.8,,18.7,1.48,,,,,,,,,,3.3,,,,,,,,,,,,,,,,,,,,0.132,8.0,6.5,49.24242424242424,CBR,usable_8_20,1.0
UCDV1_02738,Scientific Reports supplementary table - HARHA-treated expansive soil CBR,10.1038/s41598-023-40903-1,mixed_stabilized_soil,CBR,,14.5,,,,,,,,,,57.9,19.1,38.8,,18.7,1.48,,,,,,,,,,3.3,,,,,,,,,,,,,,,,,,,,0.132,8.0,6.5,49.24242424242424,CBR,usable_8_20,1.0
UCDV1_02739,Scientific Reports supplementary table - HARHA-treated expansive soil CBR,10.1038/s41598-023-40903-1,mixed_stabilized_soil,CBR,,14.7,,,,,,,,,,57.4,19.0,38.4,,18.75,1.484,,,,,,,,,,3.4,,,,,,,,,,,,,,,,,,,,0.136,8.0,6.699999999999999,49.264705882352935,CBR,usable_8_20,1.0
UCDV1_02740,Scientific Reports supplementary table - HARHA-treated expansive soil CBR,10.1038/s41598-023-40903-1,mixed_stabilized_soil,CBR,,14.7,,,,,,,,,,57.4,19.0,38.4,,18.75,1.484,,,,,,,,,,3.4,,,,,,,,,,,,,,,,,,,,0.136,8.0,6.699999999999999,49.264705882352935,CBR,usable_8_20,1.0
UCDV1_02741,Scientific Reports supplementary table - HARHA-treated expansive soil CBR,10.1038/s41598-023-40903-1,mixed_stabilized_soil,CBR,,14.8,,,,,,,,,,57.0,19.0,38.0,,18.8,1.49,,,,,,,,,,3.5,,,,,,,,,,,,,,,,,,,,0.14,8.0,6.800000000000001,48.57142857142857,CBR,usable_8_20,1.0
UCDV1_02742,Scientific Reports supplementary table - HARHA-treated expansive soil CBR,10.1038/s41598-023-40903-1,mixed_stabilized_soil,CBR,,14.8,,,,,,,,,,57.0,19.0,38.0,,18.8,1.49,,,,,,,,,,3.5,,,,,,,,,,,,,,,,,,,,0.14,8.0,6.800000000000001,48.57142857142857,CBR,usable_8_20,1.0
UCDV1_02743,Scientific Reports supplementary table - HARHA-treated expansive soil CBR,10.1038/s41598-023-40903-1,mixed_stabilized_soil,CBR,,15.0,,,,,,,,,,56.8,18.9,37.9,,18.85,1.5,,,,,,,,,,3.6,,,,,,,,,,,,,,,,,,,,0.14400000000000002,8.0,7.0,48.61111111111111,CBR,usable_8_20,1.0
UCDV1_02744,Scientific Reports supplementary table - HARHA-treated expansive soil CBR,10.1038/s41598-023-40903-1,mixed_stabilized_soil,CBR,,15.0,,,,,,,,,,56.8,18.9,37.9,,18.85,1.5,,,,,,,,,,3.6,,,,,,,,,,,,,,,,,,,,0.14400000000000002,8.0,7.0,48.61111111111111,CBR,usable_8_20,1.0
UCDV1_02745,Scientific Reports supplementary table - HARHA-treated expansive soil CBR,10.1038/s41598-023-40903-1,mixed_stabilized_soil,CBR,,15.3,,,,,,,,,,56.7,19.0,37.7,,18.9,1.51,,,,,,,,,,3.7,,,,,,,,,,,,,,,,,,,,0.14800000000000002,8.0,7.300000000000001,49.32432432432432,CBR,usable_8_20,1.0
UCDV1_02746,Scientific Reports supplementary table - HARHA-treated expansive soil CBR,10.1038/s41598-023-40903-1,mixed_stabilized_soil,CBR,,15.3,,,,,,,,,,56.7,19.0,37.7,,18.9,1.51,,,,,,,,,,3.7,,,,,,,,,,,,,,,,,,,,0.14800000000000002,8.0,7.300000000000001,49.32432432432432,CBR,usable_8_20,1.0
UCDV1_02747,Scientific Reports supplementary table - HARHA-treated expansive soil CBR,10.1038/s41598-023-40903-1,mixed_stabilized_soil,CBR,,15.7,,,,,,,,,,56.5,18.9,37.6,,18.93,1.51,,,,,,,,,,3.8,,,,,,,,,,,,,,,,,,,,0.152,8.0,7.699999999999999,50.6578947368421,CBR,usable_8_20,1.0
UCDV1_02748,Scientific Reports supplementary table - HARHA-treated expansive soil CBR,10.1038/s41598-023-40903-1,mixed_stabilized_soil,CBR,,15.7,,,,,,,,,,56.5,18.9,37.6,,18.93,1.51,,,,,,,,,,3.8,,,,,,,,,,,,,,,,,,,,0.152,8.0,7.699999999999999,50.6578947368421,CBR,usable_8_20,1.0
UCDV1_02749,Scientific Reports supplementary table - HARHA-treated expansive soil CBR,10.1038/s41598-023-40903-1,mixed_stabilized_soil,CBR,,15.9,,,,,,,,,,56.3,19.0,37.3,,18.98,1.52,,,,,,,,,,3.9,,,,,,,,,,,,,,,,,,,,0.156,8.0,7.9,50.64102564102564,CBR,usable_8_20,1.0
UCDV1_02750,Scientific Reports supplementary table - HARHA-treated expansive soil CBR,10.1038/s41598-023-40903-1,mixed_stabilized_soil,CBR,,15.9,,,,,,,,,,56.3,19.0,37.3,,18.98,1.52,,,,,,,,,,3.9,,,,,,,,,,,,,,,,,,,,0.156,8.0,7.9,50.64102564102564,CBR,usable_8_20,1.0
UCDV1_02751,Scientific Reports supplementary table - HARHA-treated expansive soil CBR,10.1038/s41598-023-40903-1,mixed_stabilized_soil,CBR,,16.0,,,,,,,,,,56.0,19.0,37.0,,19.0,1.52,,,,,,,,,,4.0,,,,,,,,,,,,,,,,,,,,0.16,8.0,8.0,50.0,CBR,usable_8_20,1.0
UCDV1_02752,Scientific Reports supplementary table - HARHA-treated expansive soil CBR,10.1038/s41598-023-40903-1,mixed_stabilized_soil,CBR,,16.0,,,,,,,,,,56.0,19.0,37.0,,19.0,1.52,,,,,,,,,,4.0,,,,,,,,,,,,,,,,,,,,0.16,8.0,8.0,50.0,CBR,usable_8_20,1.0
UCDV1_02753,Scientific Reports supplementary table - HARHA-treated expansive soil CBR,10.1038/s41598-023-40903-1,mixed_stabilized_soil,CBR,,16.3,,,,,,,,,,55.7,19.0,36.7,,19.0,1.53,,,,,,,,,,4.1,,,,,,,,,,,,,,,,,,,,0.16399999999999998,8.0,8.3,50.60975609756099,CBR,usable_8_20,1.0
UCDV1_02754,Scientific Reports supplementary table - HARHA-treated expansive soil CBR,10.1038/s41598-023-40903-1,mixed_stabilized_soil,CBR,,16.3,,,,,,,,,,55.7,19.0,36.7,,19.0,1.53,,,,,,,,,,4.1,,,,,,,,,,,,,,,,,,,,0.16399999999999998,8.0,8.3,50.60975609756099,CBR,usable_8_20,1.0
UCDV1_02755,Scientific Reports supplementary table - HARHA-treated expansive soil CBR,10.1038/s41598-023-40903-1,mixed_stabilized_soil,CBR,,16.8,,,,,,,,,,54.9,18.7,36.2,,19.0,1.54,,,,,,,,,,4.2,,,,,,,,,,,,,,,,,,,,0.168,8.0,8.8,52.38095238095238,CBR,usable_8_20,1.0
UCDV1_02756,Scientific Reports supplementary table - HARHA-treated expansive soil CBR,10.1038/s41598-023-40903-1,mixed_stabilized_soil,CBR,,16.8,,,,,,,,,,54.9,18.7,36.2,,19.0,1.54,,,,,,,,,,4.2,,,,,,,,,,,,,,,,,,,,0.168,8.0,8.8,52.38095238095238,CBR,usable_8_20,1.0
UCDV1_02757,Scientific Reports supplementary table - HARHA-treated expansive soil CBR,10.1038/s41598-023-40903-1,mixed_stabilized_soil,CBR,,17.5,,,,,,,,,,54.1,18.5,35.6,,19.0,1.55,,,,,,,,,,4.3,,,,,,,,,,,,,,,,,,,,0.172,8.0,9.5,55.23255813953489,CBR,usable_8_20,1.0
UCDV1_02758,Scientific Reports supplementary table - HARHA-treated expansive soil CBR,10.1038/s41598-023-40903-1,mixed_stabilized_soil,CBR,,17.5,,,,,,,,,,54.1,18.5,35.6,,19.0,1.55,,,,,,,,,,4.3,,,,,,,,,,,,,,,,,,,,0.172,8.0,9.5,55.23255813953489,CBR,usable_8_20,1.0
UCDV1_02759,Scientific Reports supplementary table - HARHA-treated expansive soil CBR,10.1038/s41598-023-40903-1,mixed_stabilized_soil,CBR,,17.8,,,,,,,,,,53.6,18.4,35.2,,19.0,1.56,,,,,,,,,,4.4,,,,,,,,,,,,,,,,,,,,0.17600000000000002,8.0,9.8,55.68181818181818,CBR,usable_8_20,1.0
UCDV1_02760,Scientific Reports supplementary table - HARHA-treated expansive soil CBR,10.1038/s41598-023-40903-1,mixed_stabilized_soil,CBR,,17.8,,,,,,,,,,53.6,18.4,35.2,,19.0,1.56,,,,,,,,,,4.4,,,,,,,,,,,,,,,,,,,,0.17600000000000002,8.0,9.8,55.68181818181818,CBR,usable_8_20,1.0
UCDV1_02761,Scientific Reports supplementary table - HARHA-treated expansive soil CBR,10.1038/s41598-023-40903-1,mixed_stabilized_soil,CBR,,18.0,,,,,,,,,,53.0,18.0,35.0,,19.0,1.57,,,,,,,,,,4.5,,,,,,,,,,,,,,,,,,,,0.18,8.0,10.0,55.55555555555556,CBR,usable_8_20,1.0
UCDV1_02762,Scientific Reports supplementary table - HARHA-treated expansive soil CBR,10.1038/s41598-023-40903-1,mixed_stabilized_soil,CBR,,18.0,,,,,,,,,,53.0,18.0,35.0,,19.0,1.57,,,,,,,,,,4.5,,,,,,,,,,,,,,,,,,,,0.18,8.0,10.0,55.55555555555556,CBR,usable_8_20,1.0
UCDV1_02763,Scientific Reports supplementary table - HARHA-treated expansive soil CBR,10.1038/s41598-023-40903-1,mixed_stabilized_soil,CBR,,18.1,,,,,,,,,,52.8,18.0,34.8,,18.98,1.58,,,,,,,,,,4.6,,,,,,,,,,,,,,,,,,,,0.184,8.0,10.100000000000001,54.89130434782609,CBR,usable_8_20,1.0
UCDV1_02764,Scientific Reports supplementary table - HARHA-treated expansive soil CBR,10.1038/s41598-023-40903-1,mixed_stabilized_soil,CBR,,18.1,,,,,,,,,,52.8,18.0,34.8,,18.98,1.58,,,,,,,,,,4.6,,,,,,,,,,,,,,,,,,,,0.184,8.0,10.100000000000001,54.89130434782609,CBR,usable_8_20,1.0
UCDV1_02765,Scientific Reports supplementary table - HARHA-treated expansive soil CBR,10.1038/s41598-023-40903-1,mixed_stabilized_soil,CBR,,18.3,,,,,,,,,,52.7,18.0,34.7,,18.96,1.59,,,,,,,,,,4.7,,,,,,,,,,,,,,,,,,,,0.188,8.0,10.3,54.787234042553195,CBR,usable_8_20,1.0
UCDV1_02766,Scientific Reports supplementary table - HARHA-treated expansive soil CBR,10.1038/s41598-023-40903-1,mixed_stabilized_soil,CBR,,18.3,,,,,,,,,,52.7,18.0,34.7,,18.96,1.59,,,,,,,,,,4.7,,,,,,,,,,,,,,,,,,,,0.188,8.0,10.3,54.787234042553195,CBR,usable_8_20,1.0
UCDV1_02767,Scientific Reports supplementary table - HARHA-treated expansive soil CBR,10.1038/s41598-023-40903-1,mixed_stabilized_soil,CBR,,18.8,,,,,,,,,,52.6,18.1,34.5,,18.93,1.6,,,,,,,,,,4.8,,,,,,,,,,,,,,,,,,,,0.192,8.0,10.8,56.25,CBR,usable_8_20,1.0
UCDV1_02768,Scientific Reports supplementary table - HARHA-treated expansive soil CBR,10.1038/s41598-023-40903-1,mixed_stabilized_soil,CBR,,18.8,,,,,,,,,,52.6,18.1,34.5,,18.93,1.6,,,,,,,,,,4.8,,,,,,,,,,,,,,,,,,,,0.192,8.0,10.8,56.25,CBR,usable_8_20,1.0
UCDV1_02769,Scientific Reports supplementary table - HARHA-treated expansive soil CBR,10.1038/s41598-023-40903-1,mixed_stabilized_soil,CBR,,19.5,,,,,,,,,,52.3,18.0,34.3,,18.91,1.61,,,,,,,,,,4.9,,,,,,,,,,,,,,,,,,,,0.196,8.0,11.5,58.6734693877551,CBR,usable_8_20,1.0
UCDV1_02770,Scientific Reports supplementary table - HARHA-treated expansive soil CBR,10.1038/s41598-023-40903-1,mixed_stabilized_soil,CBR,,19.5,,,,,,,,,,52.3,18.0,34.3,,18.91,1.61,,,,,,,,,,4.9,,,,,,,,,,,,,,,,,,,,0.196,8.0,11.5,58.6734693877551,CBR,usable_8_20,1.0
UCDV1_02771,Scientific Reports supplementary table - HARHA-treated expansive soil CBR,10.1038/s41598-023-40903-1,mixed_stabilized_soil,CBR,,19.8,,,,,,,,,,52.0,18.0,34.0,,18.9,1.61,,,,,,,,,,5.0,,,,,,,,,,,,,,,,,,,,0.2,8.0,11.8,59.0,CBR,usable_8_20,1.0
UCDV1_02772,Scientific Reports supplementary table - HARHA-treated expansive soil CBR,10.1038/s41598-023-40903-1,mixed_stabilized_soil,CBR,,19.8,,,,,,,,,,52.0,18.0,34.0,,18.9,1.61,,,,,,,,,,5.0,,,,,,,,,,,,,,,,,,,,0.2,8.0,11.8,59.0,CBR,usable_8_20,1.0
UCDV1_02773,Scientific Reports supplementary table - HARHA-treated expansive soil CBR,10.1038/s41598-023-40903-1,mixed_stabilized_soil,CBR,,19.9,,,,,,,,,,51.5,17.7,33.8,,18.88,1.62,,,,,,,,,,5.1,,,,,,,,,,,,,,,,,,,,0.204,8.0,11.899999999999999,58.33333333333333,CBR,usable_8_20,1.0
UCDV1_02774,Scientific Reports supplementary table - HARHA-treated expansive soil CBR,10.1038/s41598-023-40903-1,mixed_stabilized_soil,CBR,,19.9,,,,,,,,,,51.5,17.7,33.8,,18.88,1.62,,,,,,,,,,5.1,,,,,,,,,,,,,,,,,,,,0.204,8.0,11.899999999999999,58.33333333333333,CBR,usable_8_20,1.0
UCDV1_02775,Scientific Reports supplementary table - HARHA-treated expansive soil CBR,10.1038/s41598-023-40903-1,mixed_stabilized_soil,CBR,,20.0,,,,,,,,,,51.1,17.7,33.4,,18.86,1.63,,,,,,,,,,5.2,,,,,,,,,,,,,,,,,,,,0.20800000000000002,8.0,12.0,57.692307692307686,CBR,usable_8_20,1.0
UCDV1_02776,Scientific Reports supplementary table - HARHA-treated expansive soil CBR,10.1038/s41598-023-40903-1,mixed_stabilized_soil,CBR,,20.0,,,,,,,,,,51.1,17.7,33.4,,18.86,1.63,,,,,,,,,,5.2,,,,,,,,,,,,,,,,,,,,0.20800000000000002,8.0,12.0,57.692307692307686,CBR,usable_8_20,1.0
UCDV1_02777,Scientific Reports supplementary table - HARHA-treated expansive soil CBR,10.1038/s41598-023-40903-1,mixed_stabilized_soil,CBR,,20.3,,,,,,,,,,50.8,18.1,32.7,,18.84,1.64,,,,,,,,,,5.3,,,,,,,,,,,,,,,,,,,,0.212,8.0,12.3,58.01886792452831,CBR,strong_>20,1.0
UCDV1_02778,Scientific Reports supplementary table - HARHA-treated expansive soil CBR,10.1038/s41598-023-40903-1,mixed_stabilized_soil,CBR,,20.3,,,,,,,,,,50.8,18.1,32.7,,18.84,1.64,,,,,,,,,,5.3,,,,,,,,,,,,,,,,,,,,0.212,8.0,12.3,58.01886792452831,CBR,strong_>20,1.0
UCDV1_02779,Scientific Reports supplementary table - HARHA-treated expansive soil CBR,10.1038/s41598-023-40903-1,mixed_stabilized_soil,CBR,,20.9,,,,,,,,,,50.3,18.0,32.3,,18.82,1.65,,,,,,,,,,5.4,,,,,,,,,,,,,,,,,,,,0.21600000000000003,8.0,12.899999999999999,59.72222222222221,CBR,strong_>20,1.0
UCDV1_02780,Scientific Reports supplementary table - HARHA-treated expansive soil CBR,10.1038/s41598-023-40903-1,mixed_stabilized_soil,CBR,,20.9,,,,,,,,,,50.3,18.0,32.3,,18.82,1.65,,,,,,,,,,5.4,,,,,,,,,,,,,,,,,,,,0.21600000000000003,8.0,12.899999999999999,59.72222222222221,CBR,strong_>20,1.0
UCDV1_02781,Scientific Reports supplementary table - HARHA-treated expansive soil CBR,10.1038/s41598-023-40903-1,mixed_stabilized_soil,CBR,,21.7,,,,,,,,,,50.0,18.0,32.0,,18.8,1.65,,,,,,,,,,5.5,,,,,,,,,,,,,,,,,,,,0.22,8.0,13.7,62.272727272727266,CBR,strong_>20,1.0
UCDV1_02782,Scientific Reports supplementary table - HARHA-treated expansive soil CBR,10.1038/s41598-023-40903-1,mixed_stabilized_soil,CBR,,21.7,,,,,,,,,,50.0,18.0,32.0,,18.8,1.65,,,,,,,,,,5.5,,,,,,,,,,,,,,,,,,,,0.22,8.0,13.7,62.272727272727266,CBR,strong_>20,1.0
UCDV1_02783,Scientific Reports supplementary table - HARHA-treated expansive soil CBR,10.1038/s41598-023-40903-1,mixed_stabilized_soil,CBR,,21.9,,,,,,,,,,49.9,18.0,31.9,,18.78,1.66,,,,,,,,,,5.6,,,,,,,,,,,,,,,,,,,,0.22399999999999998,8.0,13.899999999999999,62.05357142857143,CBR,strong_>20,1.0
UCDV1_02784,Scientific Reports supplementary table - HARHA-treated expansive soil CBR,10.1038/s41598-023-40903-1,mixed_stabilized_soil,CBR,,21.9,,,,,,,,,,49.9,18.0,31.9,,18.78,1.66,,,,,,,,,,5.6,,,,,,,,,,,,,,,,,,,,0.22399999999999998,8.0,13.899999999999999,62.05357142857143,CBR,strong_>20,1.0
UCDV1_02785,Scientific Reports supplementary table - HARHA-treated expansive soil CBR,10.1038/s41598-023-40903-1,mixed_stabilized_soil,CBR,,22.1,,,,,,,,,,49.6,17.9,31.7,,18.75,1.67,,,,,,,,,,5.7,,,,,,,,,,,,,,,,,,,,0.228,8.0,14.100000000000001,61.8421052631579,CBR,strong_>20,1.0
UCDV1_02786,Scientific Reports supplementary table - HARHA-treated expansive soil CBR,10.1038/s41598-023-40903-1,mixed_stabilized_soil,CBR,,22.1,,,,,,,,,,49.6,17.9,31.7,,18.75,1.67,,,,,,,,,,5.7,,,,,,,,,,,,,,,,,,,,0.228,8.0,14.100000000000001,61.8421052631579,CBR,strong_>20,1.0
UCDV1_02787,Scientific Reports supplementary table - HARHA-treated expansive soil CBR,10.1038/s41598-023-40903-1,mixed_stabilized_soil,CBR,,22.3,,,,,,,,,,49.4,17.9,31.5,,18.71,1.67,,,,,,,,,,5.8,,,,,,,,,,,,,,,,,,,,0.23199999999999998,8.0,14.3,61.63793103448277,CBR,strong_>20,1.0
UCDV1_02788,Scientific Reports supplementary table - HARHA-treated expansive soil CBR,10.1038/s41598-023-40903-1,mixed_stabilized_soil,CBR,,22.3,,,,,,,,,,49.4,17.9,31.5,,18.71,1.67,,,,,,,,,,5.8,,,,,,,,,,,,,,,,,,,,0.23199999999999998,8.0,14.3,61.63793103448277,CBR,strong_>20,1.0
UCDV1_02789,Scientific Reports supplementary table - HARHA-treated expansive soil CBR,10.1038/s41598-023-40903-1,mixed_stabilized_soil,CBR,,22.5,,,,,,,,,,49.1,17.7,31.4,,18.65,1.68,,,,,,,,,,5.9,,,,,,,,,,,,,,,,,,,,0.23600000000000002,8.0,14.5,61.44067796610169,CBR,strong_>20,1.0
UCDV1_02790,Scientific Reports supplementary table - HARHA-treated expansive soil CBR,10.1038/s41598-023-40903-1,mixed_stabilized_soil,CBR,,22.5,,,,,,,,,,49.1,17.7,31.4,,18.65,1.68,,,,,,,,,,5.9,,,,,,,,,,,,,,,,,,,,0.23600000000000002,8.0,14.5,61.44067796610169,CBR,strong_>20,1.0
UCDV1_02791,Scientific Reports supplementary table - HARHA-treated expansive soil CBR,10.1038/s41598-023-40903-1,mixed_stabilized_soil,CBR,,22.8,,,,,,,,,,49.0,18.0,31.0,,18.6,1.69,,,,,,,,,,6.0,,,,,,,,,,,,,,,,,,,,0.24,8.0,14.8,61.66666666666667,CBR,strong_>20,1.0
UCDV1_02792,Scientific Reports supplementary table - HARHA-treated expansive soil CBR,10.1038/s41598-023-40903-1,mixed_stabilized_soil,CBR,,22.8,,,,,,,,,,49.0,18.0,31.0,,18.6,1.69,,,,,,,,,,6.0,,,,,,,,,,,,,,,,,,,,0.24,8.0,14.8,61.66666666666667,CBR,strong_>20,1.0
UCDV1_02793,Scientific Reports supplementary table - HARHA-treated expansive soil CBR,10.1038/s41598-023-40903-1,mixed_stabilized_soil,CBR,,23.1,,,,,,,,,,48.6,17.8,30.8,,18.55,1.7,,,,,,,,,,6.1,,,,,,,,,,,,,,,,,,,,0.244,8.0,15.100000000000001,61.88524590163935,CBR,strong_>20,1.0
UCDV1_02794,Scientific Reports supplementary table - HARHA-treated expansive soil CBR,10.1038/s41598-023-40903-1,mixed_stabilized_soil,CBR,,23.1,,,,,,,,,,48.6,17.8,30.8,,18.55,1.7,,,,,,,,,,6.1,,,,,,,,,,,,,,,,,,,,0.244,8.0,15.100000000000001,61.88524590163935,CBR,strong_>20,1.0
UCDV1_02795,Scientific Reports supplementary table - HARHA-treated expansive soil CBR,10.1038/s41598-023-40903-1,mixed_stabilized_soil,CBR,,23.3,,,,,,,,,,48.3,17.6,30.7,,18.48,1.71,,,,,,,,,,6.2,,,,,,,,,,,,,,,,,,,,0.24800000000000003,8.0,15.3,61.69354838709677,CBR,strong_>20,1.0
UCDV1_02796,Scientific Reports supplementary table - HARHA-treated expansive soil CBR,10.1038/s41598-023-40903-1,mixed_stabilized_soil,CBR,,23.3,,,,,,,,,,48.3,17.6,30.7,,18.48,1.71,,,,,,,,,,6.2,,,,,,,,,,,,,,,,,,,,0.24800000000000003,8.0,15.3,61.69354838709677,CBR,strong_>20,1.0
UCDV1_02797,Scientific Reports supplementary table - HARHA-treated expansive soil CBR,10.1038/s41598-023-40903-1,mixed_stabilized_soil,CBR,,23.7,,,,,,,,,,47.7,17.3,30.4,,18.6,1.72,,,,,,,,,,6.3,,,,,,,,,,,,,,,,,,,,0.252,8.0,15.7,62.3015873015873,CBR,strong_>20,1.0
UCDV1_02798,Scientific Reports supplementary table - HARHA-treated expansive soil CBR,10.1038/s41598-023-40903-1,mixed_stabilized_soil,CBR,,23.7,,,,,,,,,,47.7,17.3,30.4,,18.6,1.72,,,,,,,,,,6.3,,,,,,,,,,,,,,,,,,,,0.252,8.0,15.7,62.3015873015873,CBR,strong_>20,1.0
UCDV1_02799,Scientific Reports supplementary table - HARHA-treated expansive soil CBR,10.1038/s41598-023-40903-1,mixed_stabilized_soil,CBR,,23.8,,,,,,,,,,47.2,17.0,30.2,,18.44,1.73,,,,,,,,,,6.4,,,,,,,,,,,,,,,,,,,,0.256,8.0,15.8,61.71875,CBR,strong_>20,1.0
UCDV1_02800,Scientific Reports supplementary table - HARHA-treated expansive soil CBR,10.1038/s41598-023-40903-1,mixed_stabilized_soil,CBR,,23.8,,,,,,,,,,47.2,17.0,30.2,,18.44,1.73,,,,,,,,,,6.4,,,,,,,,,,,,,,,,,,,,0.256,8.0,15.8,61.71875,CBR,strong_>20,1.0
UCDV1_02801,Scientific Reports supplementary table - HARHA-treated expansive soil CBR,10.1038/s41598-023-40903-1,mixed_stabilized_soil,CBR,,24.0,,,,,,,,,,47.0,17.0,30.0,,18.4,1.74,,,,,,,,,,6.5,,,,,,,,,,,,,,,,,,,,0.26,8.0,16.0,61.53846153846153,CBR,strong_>20,1.0
UCDV1_02802,Scientific Reports supplementary table - HARHA-treated expansive soil CBR,10.1038/s41598-023-40903-1,mixed_stabilized_soil,CBR,,24.0,,,,,,,,,,47.0,17.0,30.0,,18.4,1.74,,,,,,,,,,6.5,,,,,,,,,,,,,,,,,,,,0.26,8.0,16.0,61.53846153846153,CBR,strong_>20,1.0
UCDV1_02803,Scientific Reports supplementary table - HARHA-treated expansive soil CBR,10.1038/s41598-023-40903-1,mixed_stabilized_soil,CBR,,24.3,,,,,,,,,,46.8,17.1,29.7,,18.4,1.75,,,,,,,,,,6.6,,,,,,,,,,,,,,,,,,,,0.264,8.0,16.3,61.74242424242424,CBR,strong_>20,1.0
UCDV1_02804,Scientific Reports supplementary table - HARHA-treated expansive soil CBR,10.1038/s41598-023-40903-1,mixed_stabilized_soil,CBR,,24.3,,,,,,,,,,46.8,17.1,29.7,,18.4,1.75,,,,,,,,,,6.6,,,,,,,,,,,,,,,,,,,,0.264,8.0,16.3,61.74242424242424,CBR,strong_>20,1.0
UCDV1_02805,Scientific Reports supplementary table - HARHA-treated expansive soil CBR,10.1038/s41598-023-40903-1,mixed_stabilized_soil,CBR,,24.9,,,,,,,,,,46.5,16.8,29.7,,18.41,1.76,,,,,,,,,,6.7,,,,,,,,,,,,,,,,,,,,0.268,8.0,16.9,63.05970149253731,CBR,strong_>20,1.0
UCDV1_02806,Scientific Reports supplementary table - HARHA-treated expansive soil CBR,10.1038/s41598-023-40903-1,mixed_stabilized_soil,CBR,,24.9,,,,,,,,,,46.5,16.8,29.7,,18.41,1.76,,,,,,,,,,6.7,,,,,,,,,,,,,,,,,,,,0.268,8.0,16.9,63.05970149253731,CBR,strong_>20,1.0
UCDV1_02807,Scientific Reports supplementary table - HARHA-treated expansive soil CBR,10.1038/s41598-023-40903-1,mixed_stabilized_soil,CBR,,25.2,,,,,,,,,,45.6,15.9,29.7,,18.4,1.77,,,,,,,,,,6.8,,,,,,,,,,,,,,,,,,,,0.272,8.0,17.2,63.23529411764705,CBR,strong_>20,1.0
UCDV1_02808,Scientific Reports supplementary table - HARHA-treated expansive soil CBR,10.1038/s41598-023-40903-1,mixed_stabilized_soil,CBR,,25.2,,,,,,,,,,45.6,15.9,29.7,,18.4,1.77,,,,,,,,,,6.8,,,,,,,,,,,,,,,,,,,,0.272,8.0,17.2,63.23529411764705,CBR,strong_>20,1.0
UCDV1_02809,Scientific Reports supplementary table - HARHA-treated expansive soil CBR,10.1038/s41598-023-40903-1,mixed_stabilized_soil,CBR,,25.5,,,,,,,,,,45.2,15.9,29.3,,18.41,1.78,,,,,,,,,,6.9,,,,,,,,,,,,,,,,,,,,0.276,8.0,17.5,63.40579710144927,CBR,strong_>20,1.0
UCDV1_02810,Scientific Reports supplementary table - HARHA-treated expansive soil CBR,10.1038/s41598-023-40903-1,mixed_stabilized_soil,CBR,,25.5,,,,,,,,,,45.2,15.9,29.3,,18.41,1.78,,,,,,,,,,6.9,,,,,,,,,,,,,,,,,,,,0.276,8.0,17.5,63.40579710144927,CBR,strong_>20,1.0
UCDV1_02811,Scientific Reports supplementary table - HARHA-treated expansive soil CBR,10.1038/s41598-023-40903-1,mixed_stabilized_soil,CBR,,25.9,,,,,,,,,,45.0,16.0,29.0,,18.4,1.78,,,,,,,,,,7.0,,,,,,,,,,,,,,,,,,,,0.28,8.0,17.9,63.928571428571416,CBR,strong_>20,1.0
UCDV1_02812,Scientific Reports supplementary table - HARHA-treated expansive soil CBR,10.1038/s41598-023-40903-1,mixed_stabilized_soil,CBR,,25.9,,,,,,,,,,45.0,16.0,29.0,,18.4,1.78,,,,,,,,,,7.0,,,,,,,,,,,,,,,,,,,,0.28,8.0,17.9,63.928571428571416,CBR,strong_>20,1.0
UCDV1_02813,Scientific Reports supplementary table - HARHA-treated expansive soil CBR,10.1038/s41598-023-40903-1,mixed_stabilized_soil,CBR,,26.2,,,,,,,,,,44.8,16.3,28.5,,18.39,1.79,,,,,,,,,,7.1,,,,,,,,,,,,,,,,,,,,0.284,8.0,18.2,64.08450704225352,CBR,strong_>20,1.0
UCDV1_02814,Scientific Reports supplementary table - HARHA-treated expansive soil CBR,10.1038/s41598-023-40903-1,mixed_stabilized_soil,CBR,,26.2,,,,,,,,,,44.8,16.3,28.5,,18.39,1.79,,,,,,,,,,7.1,,,,,,,,,,,,,,,,,,,,0.284,8.0,18.2,64.08450704225352,CBR,strong_>20,1.0
UCDV1_02815,Scientific Reports supplementary table - HARHA-treated expansive soil CBR,10.1038/s41598-023-40903-1,mixed_stabilized_soil,CBR,,26.6,,,,,,,,,,44.3,16.1,28.2,,18.37,1.8,,,,,,,,,,7.2,,,,,,,,,,,,,,,,,,,,0.28800000000000003,8.0,18.6,64.58333333333333,CBR,strong_>20,1.0
UCDV1_02816,Scientific Reports supplementary table - HARHA-treated expansive soil CBR,10.1038/s41598-023-40903-1,mixed_stabilized_soil,CBR,,26.6,,,,,,,,,,44.3,16.1,28.2,,18.37,1.8,,,,,,,,,,7.2,,,,,,,,,,,,,,,,,,,,0.28800000000000003,8.0,18.6,64.58333333333333,CBR,strong_>20,1.0
UCDV1_02817,Scientific Reports supplementary table - HARHA-treated expansive soil CBR,10.1038/s41598-023-40903-1,mixed_stabilized_soil,CBR,,27.0,,,,,,,,,,43.7,15.9,27.8,,18.35,1.81,,,,,,,,,,7.3,,,,,,,,,,,,,,,,,,,,0.292,8.0,19.0,65.06849315068493,CBR,strong_>20,1.0
UCDV1_02818,Scientific Reports supplementary table - HARHA-treated expansive soil CBR,10.1038/s41598-023-40903-1,mixed_stabilized_soil,CBR,,27.0,,,,,,,,,,43.7,15.9,27.8,,18.35,1.81,,,,,,,,,,7.3,,,,,,,,,,,,,,,,,,,,0.292,8.0,19.0,65.06849315068493,CBR,strong_>20,1.0
UCDV1_02819,Scientific Reports supplementary table - HARHA-treated expansive soil CBR,10.1038/s41598-023-40903-1,mixed_stabilized_soil,CBR,,27.3,,,,,,,,,,43.4,16.0,27.4,,18.32,1.83,,,,,,,,,,7.4,,,,,,,,,,,,,,,,,,,,0.29600000000000004,8.0,19.3,65.2027027027027,CBR,strong_>20,1.0
UCDV1_02820,Scientific Reports supplementary table - HARHA-treated expansive soil CBR,10.1038/s41598-023-40903-1,mixed_stabilized_soil,CBR,,27.3,,,,,,,,,,43.4,16.0,27.4,,18.32,1.83,,,,,,,,,,7.4,,,,,,,,,,,,,,,,,,,,0.29600000000000004,8.0,19.3,65.2027027027027,CBR,strong_>20,1.0
UCDV1_02821,Scientific Reports supplementary table - HARHA-treated expansive soil CBR,10.1038/s41598-023-40903-1,mixed_stabilized_soil,CBR,,27.6,,,,,,,,,,43.0,16.0,27.0,,18.3,1.84,,,,,,,,,,7.5,,,,,,,,,,,,,,,,,,,,0.3,8.0,19.6,65.33333333333334,CBR,strong_>20,1.0
UCDV1_02822,Scientific Reports supplementary table - HARHA-treated expansive soil CBR,10.1038/s41598-023-40903-1,mixed_stabilized_soil,CBR,,27.6,,,,,,,,,,43.0,16.0,27.0,,18.3,1.84,,,,,,,,,,7.5,,,,,,,,,,,,,,,,,,,,0.3,8.0,19.6,65.33333333333334,CBR,strong_>20,1.0
UCDV1_02823,Scientific Reports supplementary table - HARHA-treated expansive soil CBR,10.1038/s41598-023-40903-1,mixed_stabilized_soil,CBR,,27.7,,,,,,,,,,42.8,15.9,26.9,,18.29,1.85,,,,,,,,,,7.6,,,,,,,,,,,,,,,,,,,,0.304,8.0,19.7,64.80263157894737,CBR,strong_>20,1.0
UCDV1_02824,Scientific Reports supplementary table - HARHA-treated expansive soil CBR,10.1038/s41598-023-40903-1,mixed_stabilized_soil,CBR,,27.7,,,,,,,,,,42.8,15.9,26.9,,18.29,1.85,,,,,,,,,,7.6,,,,,,,,,,,,,,,,,,,,0.304,8.0,19.7,64.80263157894737,CBR,strong_>20,1.0
UCDV1_02825,Scientific Reports supplementary table - HARHA-treated expansive soil CBR,10.1038/s41598-023-40903-1,mixed_stabilized_soil,CBR,,28.3,,,,,,,,,,42.4,16.0,26.4,,18.28,1.86,,,,,,,,,,7.7,,,,,,,,,,,,,,,,,,,,0.308,8.0,20.3,65.9090909090909,CBR,strong_>20,1.0
UCDV1_02826,Scientific Reports supplementary table - HARHA-treated expansive soil CBR,10.1038/s41598-023-40903-1,mixed_stabilized_soil,CBR,,28.3,,,,,,,,,,42.4,16.0,26.4,,18.28,1.86,,,,,,,,,,7.7,,,,,,,,,,,,,,,,,,,,0.308,8.0,20.3,65.9090909090909,CBR,strong_>20,1.0
UCDV1_02827,Scientific Reports supplementary table - HARHA-treated expansive soil CBR,10.1038/s41598-023-40903-1,mixed_stabilized_soil,CBR,,28.5,,,,,,,,,,41.8,15.4,26.4,,18.26,1.87,,,,,,,,,,7.8,,,,,,,,,,,,,,,,,,,,0.312,8.0,20.5,65.7051282051282,CBR,strong_>20,1.0
UCDV1_02828,Scientific Reports supplementary table - HARHA-treated expansive soil CBR,10.1038/s41598-023-40903-1,mixed_stabilized_soil,CBR,,28.5,,,,,,,,,,41.8,15.4,26.4,,18.26,1.87,,,,,,,,,,7.8,,,,,,,,,,,,,,,,,,,,0.312,8.0,20.5,65.7051282051282,CBR,strong_>20,1.0
UCDV1_02829,Scientific Reports supplementary table - HARHA-treated expansive soil CBR,10.1038/s41598-023-40903-1,mixed_stabilized_soil,CBR,,28.7,,,,,,,,,,41.5,15.4,26.1,,18.23,1.87,,,,,,,,,,7.9,,,,,,,,,,,,,,,,,,,,0.316,8.0,20.7,65.50632911392405,CBR,strong_>20,1.0
UCDV1_02830,Scientific Reports supplementary table - HARHA-treated expansive soil CBR,10.1038/s41598-023-40903-1,mixed_stabilized_soil,CBR,,28.7,,,,,,,,,,41.5,15.4,26.1,,18.23,1.87,,,,,,,,,,7.9,,,,,,,,,,,,,,,,,,,,0.316,8.0,20.7,65.50632911392405,CBR,strong_>20,1.0
UCDV1_02831,Scientific Reports supplementary table - HARHA-treated expansive soil CBR,10.1038/s41598-023-40903-1,mixed_stabilized_soil,CBR,,29.0,,,,,,,,,,41.0,15.0,26.0,,18.2,1.88,,,,,,,,,,8.0,,,,,,,,,,,,,,,,,,,,0.32,8.0,21.0,65.625,CBR,strong_>20,1.0
UCDV1_02832,Scientific Reports supplementary table - HARHA-treated expansive soil CBR,10.1038/s41598-023-40903-1,mixed_stabilized_soil,CBR,,29.0,,,,,,,,,,41.0,15.0,26.0,,18.2,1.88,,,,,,,,,,8.0,,,,,,,,,,,,,,,,,,,,0.32,8.0,21.0,65.625,CBR,strong_>20,1.0
UCDV1_02833,Scientific Reports supplementary table - HARHA-treated expansive soil CBR,10.1038/s41598-023-40903-1,mixed_stabilized_soil,CBR,,29.3,,,,,,,,,,40.7,14.9,25.8,,18.2,1.88,,,,,,,,,,8.1,,,,,,,,,,,,,,,,,,,,0.324,8.0,21.3,65.74074074074075,CBR,strong_>20,1.0
UCDV1_02834,Scientific Reports supplementary table - HARHA-treated expansive soil CBR,10.1038/s41598-023-40903-1,mixed_stabilized_soil,CBR,,29.3,,,,,,,,,,40.7,14.9,25.8,,18.2,1.88,,,,,,,,,,8.1,,,,,,,,,,,,,,,,,,,,0.324,8.0,21.3,65.74074074074075,CBR,strong_>20,1.0
UCDV1_02835,Scientific Reports supplementary table - HARHA-treated expansive soil CBR,10.1038/s41598-023-40903-1,mixed_stabilized_soil,CBR,,29.9,,,,,,,,,,40.3,15.0,25.3,,18.2,1.89,,,,,,,,,,8.2,,,,,,,,,,,,,,,,,,,,0.32799999999999996,8.0,21.9,66.76829268292683,CBR,strong_>20,1.0
UCDV1_02836,Scientific Reports supplementary table - HARHA-treated expansive soil CBR,10.1038/s41598-023-40903-1,mixed_stabilized_soil,CBR,,29.9,,,,,,,,,,40.3,15.0,25.3,,18.2,1.89,,,,,,,,,,8.2,,,,,,,,,,,,,,,,,,,,0.32799999999999996,8.0,21.9,66.76829268292683,CBR,strong_>20,1.0
UCDV1_02837,Scientific Reports supplementary table - HARHA-treated expansive soil CBR,10.1038/s41598-023-40903-1,mixed_stabilized_soil,CBR,,30.4,,,,,,,,,,39.8,15.1,24.7,,18.2,1.9,,,,,,,,,,8.3,,,,,,,,,,,,,,,,,,,,0.332,8.0,22.4,67.46987951807228,CBR,strong_>20,1.0
UCDV1_02838,Scientific Reports supplementary table - HARHA-treated expansive soil CBR,10.1038/s41598-023-40903-1,mixed_stabilized_soil,CBR,,30.4,,,,,,,,,,39.8,15.1,24.7,,18.2,1.9,,,,,,,,,,8.3,,,,,,,,,,,,,,,,,,,,0.332,8.0,22.4,67.46987951807228,CBR,strong_>20,1.0
UCDV1_02839,Scientific Reports supplementary table - HARHA-treated expansive soil CBR,10.1038/s41598-023-40903-1,mixed_stabilized_soil,CBR,,30.7,,,,,,,,,,39.3,15.0,24.3,,18.21,1.9,,,,,,,,,,8.4,,,,,,,,,,,,,,,,,,,,0.336,8.0,22.7,67.55952380952381,CBR,strong_>20,1.0
UCDV1_02840,Scientific Reports supplementary table - HARHA-treated expansive soil CBR,10.1038/s41598-023-40903-1,mixed_stabilized_soil,CBR,,30.7,,,,,,,,,,39.3,15.0,24.3,,18.21,1.9,,,,,,,,,,8.4,,,,,,,,,,,,,,,,,,,,0.336,8.0,22.7,67.55952380952381,CBR,strong_>20,1.0
UCDV1_02841,Scientific Reports supplementary table - HARHA-treated expansive soil CBR,10.1038/s41598-023-40903-1,mixed_stabilized_soil,CBR,,31.2,,,,,,,,,,39.0,15.0,24.0,,18.2,1.91,,,,,,,,,,8.5,,,,,,,,,,,,,,,,,,,,0.34,8.0,23.2,68.23529411764706,CBR,strong_>20,1.0
UCDV1_02842,Scientific Reports supplementary table - HARHA-treated expansive soil CBR,10.1038/s41598-023-40903-1,mixed_stabilized_soil,CBR,,31.2,,,,,,,,,,39.0,15.0,24.0,,18.2,1.91,,,,,,,,,,8.5,,,,,,,,,,,,,,,,,,,,0.34,8.0,23.2,68.23529411764706,CBR,strong_>20,1.0
UCDV1_02843,Scientific Reports supplementary table - HARHA-treated expansive soil CBR,10.1038/s41598-023-40903-1,mixed_stabilized_soil,CBR,,31.5,,,,,,,,,,38.8,15.0,23.8,,18.2,1.92,,,,,,,,,,8.6,,,,,,,,,,,,,,,,,,,,0.344,8.0,23.5,68.31395348837209,CBR,strong_>20,1.0
UCDV1_02844,Scientific Reports supplementary table - HARHA-treated expansive soil CBR,10.1038/s41598-023-40903-1,mixed_stabilized_soil,CBR,,31.5,,,,,,,,,,38.8,15.0,23.8,,18.2,1.92,,,,,,,,,,8.6,,,,,,,,,,,,,,,,,,,,0.344,8.0,23.5,68.31395348837209,CBR,strong_>20,1.0
UCDV1_02845,Scientific Reports supplementary table - HARHA-treated expansive soil CBR,10.1038/s41598-023-40903-1,mixed_stabilized_soil,CBR,,32.1,,,,,,,,,,38.3,14.9,23.4,,18.2,1.93,,,,,,,,,,8.7,,,,,,,,,,,,,,,,,,,,0.348,8.0,24.1,69.2528735632184,CBR,strong_>20,1.0
UCDV1_02846,Scientific Reports supplementary table - HARHA-treated expansive soil CBR,10.1038/s41598-023-40903-1,mixed_stabilized_soil,CBR,,32.1,,,,,,,,,,38.3,14.9,23.4,,18.2,1.93,,,,,,,,,,8.7,,,,,,,,,,,,,,,,,,,,0.348,8.0,24.1,69.2528735632184,CBR,strong_>20,1.0
UCDV1_02847,Scientific Reports supplementary table - HARHA-treated expansive soil CBR,10.1038/s41598-023-40903-1,mixed_stabilized_soil,CBR,,32.4,,,,,,,,,,37.9,15.2,22.7,,18.2,1.94,,,,,,,,,,8.8,,,,,,,,,,,,,,,,,,,,0.35200000000000004,8.0,24.4,69.31818181818181,CBR,strong_>20,1.0
UCDV1_02848,Scientific Reports supplementary table - HARHA-treated expansive soil CBR,10.1038/s41598-023-40903-1,mixed_stabilized_soil,CBR,,32.4,,,,,,,,,,37.9,15.2,22.7,,18.2,1.94,,,,,,,,,,8.8,,,,,,,,,,,,,,,,,,,,0.35200000000000004,8.0,24.4,69.31818181818181,CBR,strong_>20,1.0
UCDV1_02849,Scientific Reports supplementary table - HARHA-treated expansive soil CBR,10.1038/s41598-023-40903-1,mixed_stabilized_soil,CBR,,33.5,,,,,,,,,,37.5,15.2,22.3,,18.2,1.95,,,,,,,,,,8.9,,,,,,,,,,,,,,,,,,,,0.35600000000000004,8.0,25.5,71.62921348314606,CBR,strong_>20,1.0
UCDV1_02850,Scientific Reports supplementary table - HARHA-treated expansive soil CBR,10.1038/s41598-023-40903-1,mixed_stabilized_soil,CBR,,33.5,,,,,,,,,,37.5,15.2,22.3,,18.2,1.95,,,,,,,,,,8.9,,,,,,,,,,,,,,,,,,,,0.35600000000000004,8.0,25.5,71.62921348314606,CBR,strong_>20,1.0
UCDV1_02851,Scientific Reports supplementary table - HARHA-treated expansive soil CBR,10.1038/s41598-023-40903-1,mixed_stabilized_soil,CBR,,34.0,,,,,,,,,,37.0,15.0,22.0,,18.2,1.96,,,,,,,,,,9.0,,,,,,,,,,,,,,,,,,,,0.36,8.0,26.0,72.22222222222223,CBR,strong_>20,1.0
UCDV1_02852,Scientific Reports supplementary table - HARHA-treated expansive soil CBR,10.1038/s41598-023-40903-1,mixed_stabilized_soil,CBR,,34.0,,,,,,,,,,37.0,15.0,22.0,,18.2,1.96,,,,,,,,,,9.0,,,,,,,,,,,,,,,,,,,,0.36,8.0,26.0,72.22222222222223,CBR,strong_>20,1.0
UCDV1_02853,Scientific Reports supplementary table - HARHA-treated expansive soil CBR,10.1038/s41598-023-40903-1,mixed_stabilized_soil,CBR,,34.5,,,,,,,,,,37.0,15.0,22.0,,18.19,1.962,,,,,,,,,,9.1,,,,,,,,,,,,,,,,,,,,0.364,8.0,26.5,72.80219780219781,CBR,strong_>20,1.0
UCDV1_02854,Scientific Reports supplementary table - HARHA-treated expansive soil CBR,10.1038/s41598-023-40903-1,mixed_stabilized_soil,CBR,,34.5,,,,,,,,,,37.0,15.0,22.0,,18.19,1.962,,,,,,,,,,9.1,,,,,,,,,,,,,,,,,,,,0.364,8.0,26.5,72.80219780219781,CBR,strong_>20,1.0
UCDV1_02855,Scientific Reports supplementary table - HARHA-treated expansive soil CBR,10.1038/s41598-023-40903-1,mixed_stabilized_soil,CBR,,34.8,,,,,,,,,,37.0,15.0,22.0,,18.18,1.964,,,,,,,,,,9.2,,,,,,,,,,,,,,,,,,,,0.368,8.0,26.799999999999997,72.82608695652173,CBR,strong_>20,1.0
UCDV1_02856,Scientific Reports supplementary table - HARHA-treated expansive soil CBR,10.1038/s41598-023-40903-1,mixed_stabilized_soil,CBR,,34.8,,,,,,,,,,37.0,15.0,22.0,,18.18,1.964,,,,,,,,,,9.2,,,,,,,,,,,,,,,,,,,,0.368,8.0,26.799999999999997,72.82608695652173,CBR,strong_>20,1.0
UCDV1_02857,Scientific Reports supplementary table - HARHA-treated expansive soil CBR,10.1038/s41598-023-40903-1,mixed_stabilized_soil,CBR,,35.2,,,,,,,,,,37.0,15.0,22.0,,18.16,1.966,,,,,,,,,,9.3,,,,,,,,,,,,,,,,,,,,0.37200000000000005,8.0,27.200000000000003,73.11827956989247,CBR,strong_>20,1.0
UCDV1_02858,Scientific Reports supplementary table - HARHA-treated expansive soil CBR,10.1038/s41598-023-40903-1,mixed_stabilized_soil,CBR,,35.2,,,,,,,,,,37.0,15.0,22.0,,18.16,1.966,,,,,,,,,,9.3,,,,,,,,,,,,,,,,,,,,0.37200000000000005,8.0,27.200000000000003,73.11827956989247,CBR,strong_>20,1.0
UCDV1_02859,Scientific Reports supplementary table - HARHA-treated expansive soil CBR,10.1038/s41598-023-40903-1,mixed_stabilized_soil,CBR,,35.8,,,,,,,,,,37.0,15.0,22.0,,18.13,1.969,,,,,,,,,,9.4,,,,,,,,,,,,,,,,,,,,0.376,8.0,27.799999999999997,73.93617021276594,CBR,strong_>20,1.0
UCDV1_02860,Scientific Reports supplementary table - HARHA-treated expansive soil CBR,10.1038/s41598-023-40903-1,mixed_stabilized_soil,CBR,,35.8,,,,,,,,,,37.0,15.0,22.0,,18.13,1.969,,,,,,,,,,9.4,,,,,,,,,,,,,,,,,,,,0.376,8.0,27.799999999999997,73.93617021276594,CBR,strong_>20,1.0
UCDV1_02861,Scientific Reports supplementary table - HARHA-treated expansive soil CBR,10.1038/s41598-023-40903-1,mixed_stabilized_soil,CBR,,36.0,,,,,,,,,,37.0,15.0,22.0,,18.1,1.97,,,,,,,,,,9.5,,,,,,,,,,,,,,,,,,,,0.38,8.0,28.0,73.6842105263158,CBR,strong_>20,1.0
UCDV1_02862,Scientific Reports supplementary table - HARHA-treated expansive soil CBR,10.1038/s41598-023-40903-1,mixed_stabilized_soil,CBR,,36.0,,,,,,,,,,37.0,15.0,22.0,,18.1,1.97,,,,,,,,,,9.5,,,,,,,,,,,,,,,,,,,,0.38,8.0,28.0,73.6842105263158,CBR,strong_>20,1.0
UCDV1_02863,Scientific Reports supplementary table - HARHA-treated expansive soil CBR,10.1038/s41598-023-40903-1,mixed_stabilized_soil,CBR,,36.5,,,,,,,,,,36.8,15.1,21.7,,18.0,1.972,,,,,,,,,,9.6,,,,,,,,,,,,,,,,,,,,0.384,8.0,28.5,74.21875,CBR,strong_>20,1.0
UCDV1_02864,Scientific Reports supplementary table - HARHA-treated expansive soil CBR,10.1038/s41598-023-40903-1,mixed_stabilized_soil,CBR,,36.5,,,,,,,,,,36.8,15.1,21.7,,18.0,1.972,,,,,,,,,,9.6,,,,,,,,,,,,,,,,,,,,0.384,8.0,28.5,74.21875,CBR,strong_>20,1.0
UCDV1_02865,Scientific Reports supplementary table - HARHA-treated expansive soil CBR,10.1038/s41598-023-40903-1,mixed_stabilized_soil,CBR,,36.9,,,,,,,,,,36.7,15.1,21.6,,17.92,1.973,,,,,,,,,,9.7,,,,,,,,,,,,,,,,,,,,0.38799999999999996,8.0,28.9,74.48453608247424,CBR,strong_>20,1.0
UCDV1_02866,Scientific Reports supplementary table - HARHA-treated expansive soil CBR,10.1038/s41598-023-40903-1,mixed_stabilized_soil,CBR,,36.9,,,,,,,,,,36.7,15.1,21.6,,17.92,1.973,,,,,,,,,,9.7,,,,,,,,,,,,,,,,,,,,0.38799999999999996,8.0,28.9,74.48453608247424,CBR,strong_>20,1.0
UCDV1_02867,Scientific Reports supplementary table - HARHA-treated expansive soil CBR,10.1038/s41598-023-40903-1,mixed_stabilized_soil,CBR,,37.6,,,,,,,,,,36.5,15.1,21.4,,17.93,1.975,,,,,,,,,,9.8,,,,,,,,,,,,,,,,,,,,0.392,8.0,29.6,75.51020408163265,CBR,strong_>20,1.0
UCDV1_02868,Scientific Reports supplementary table - HARHA-treated expansive soil CBR,10.1038/s41598-023-40903-1,mixed_stabilized_soil,CBR,,37.6,,,,,,,,,,36.5,15.1,21.4,,17.93,1.975,,,,,,,,,,9.8,,,,,,,,,,,,,,,,,,,,0.392,8.0,29.6,75.51020408163265,CBR,strong_>20,1.0
UCDV1_02869,Scientific Reports supplementary table - HARHA-treated expansive soil CBR,10.1038/s41598-023-40903-1,mixed_stabilized_soil,CBR,,37.8,,,,,,,,,,36.3,15.2,21.1,,17.91,1.977,,,,,,,,,,9.9,,,,,,,,,,,,,,,,,,,,0.396,8.0,29.799999999999997,75.25252525252525,CBR,strong_>20,1.0
UCDV1_02870,Scientific Reports supplementary table - HARHA-treated expansive soil CBR,10.1038/s41598-023-40903-1,mixed_stabilized_soil,CBR,,37.8,,,,,,,,,,36.3,15.2,21.1,,17.91,1.977,,,,,,,,,,9.9,,,,,,,,,,,,,,,,,,,,0.396,8.0,29.799999999999997,75.25252525252525,CBR,strong_>20,1.0
UCDV1_02871,Scientific Reports supplementary table - HARHA-treated expansive soil CBR,10.1038/s41598-023-40903-1,mixed_stabilized_soil,CBR,,38.0,,,,,,,,,,36.0,15.0,21.0,,17.9,1.98,,,,,,,,,,10.0,,,,,,,,,,,,,,,,,,,,0.4,8.0,30.0,75.0,CBR,strong_>20,1.0
UCDV1_02872,Scientific Reports supplementary table - HARHA-treated expansive soil CBR,10.1038/s41598-023-40903-1,mixed_stabilized_soil,CBR,,38.0,,,,,,,,,,36.0,15.0,21.0,,17.9,1.98,,,,,,,,,,10.0,,,,,,,,,,,,,,,,,,,,0.4,8.0,30.0,75.0,CBR,strong_>20,1.0
UCDV1_02873,Scientific Reports supplementary table - HARHA-treated expansive soil CBR,10.1038/s41598-023-40903-1,mixed_stabilized_soil,CBR,,38.3,,,,,,,,,,35.7,14.9,20.8,,17.88,1.98,,,,,,,,,,10.1,,,,,,,,,,,,,,,,,,,,0.40399999999999997,8.0,30.299999999999997,75.0,CBR,strong_>20,1.0
UCDV1_02874,Scientific Reports supplementary table - HARHA-treated expansive soil CBR,10.1038/s41598-023-40903-1,mixed_stabilized_soil,CBR,,38.3,,,,,,,,,,35.7,14.9,20.8,,17.88,1.98,,,,,,,,,,10.1,,,,,,,,,,,,,,,,,,,,0.40399999999999997,8.0,30.299999999999997,75.0,CBR,strong_>20,1.0
UCDV1_02875,Scientific Reports supplementary table - HARHA-treated expansive soil CBR,10.1038/s41598-023-40903-1,mixed_stabilized_soil,CBR,,38.5,,,,,,,,,,35.5,15.1,20.4,,17.84,1.982,,,,,,,,,,10.2,,,,,,,,,,,,,,,,,,,,0.408,8.0,30.5,74.75490196078432,CBR,strong_>20,1.0
UCDV1_02876,Scientific Reports supplementary table - HARHA-treated expansive soil CBR,10.1038/s41598-023-40903-1,mixed_stabilized_soil,CBR,,38.5,,,,,,,,,,35.5,15.1,20.4,,17.84,1.982,,,,,,,,,,10.2,,,,,,,,,,,,,,,,,,,,0.408,8.0,30.5,74.75490196078432,CBR,strong_>20,1.0
UCDV1_02877,Scientific Reports supplementary table - HARHA-treated expansive soil CBR,10.1038/s41598-023-40903-1,mixed_stabilized_soil,CBR,,38.9,,,,,,,,,,34.6,14.9,19.7,,17.79,1.984,,,,,,,,,,10.3,,,,,,,,,,,,,,,,,,,,0.41200000000000003,8.0,30.9,74.99999999999999,CBR,strong_>20,1.0
UCDV1_02878,Scientific Reports supplementary table - HARHA-treated expansive soil CBR,10.1038/s41598-023-40903-1,mixed_stabilized_soil,CBR,,38.9,,,,,,,,,,34.6,14.9,19.7,,17.79,1.984,,,,,,,,,,10.3,,,,,,,,,,,,,,,,,,,,0.41200000000000003,8.0,30.9,74.99999999999999,CBR,strong_>20,1.0
UCDV1_02879,Scientific Reports supplementary table - HARHA-treated expansive soil CBR,10.1038/s41598-023-40903-1,mixed_stabilized_soil,CBR,,39.6,,,,,,,,,,33.3,14.0,19.3,,17.73,1.987,,,,,,,,,,10.4,,,,,,,,,,,,,,,,,,,,0.41600000000000004,8.0,31.6,75.96153846153845,CBR,strong_>20,1.0
UCDV1_02880,Scientific Reports supplementary table - HARHA-treated expansive soil CBR,10.1038/s41598-023-40903-1,mixed_stabilized_soil,CBR,,39.6,,,,,,,,,,33.3,14.0,19.3,,17.73,1.987,,,,,,,,,,10.4,,,,,,,,,,,,,,,,,,,,0.41600000000000004,8.0,31.6,75.96153846153845,CBR,strong_>20,1.0
UCDV1_02881,Scientific Reports supplementary table - HARHA-treated expansive soil CBR,10.1038/s41598-023-40903-1,mixed_stabilized_soil,CBR,,40.0,,,,,,,,,,33.0,14.0,19.0,,17.7,1.99,,,,,,,,,,10.5,,,,,,,,,,,,,,,,,,,,0.42,8.0,32.0,76.19047619047619,CBR,strong_>20,1.0
UCDV1_02882,Scientific Reports supplementary table - HARHA-treated expansive soil CBR,10.1038/s41598-023-40903-1,mixed_stabilized_soil,CBR,,40.0,,,,,,,,,,33.0,14.0,19.0,,17.7,1.99,,,,,,,,,,10.5,,,,,,,,,,,,,,,,,,,,0.42,8.0,32.0,76.19047619047619,CBR,strong_>20,1.0
UCDV1_02883,Scientific Reports supplementary table - HARHA-treated expansive soil CBR,10.1038/s41598-023-40903-1,mixed_stabilized_soil,CBR,,41.1,,,,,,,,,,32.8,14.0,18.8,,17.7,1.99,,,,,,,,,,10.6,,,,,,,,,,,,,,,,,,,,0.424,8.0,33.1,78.06603773584906,CBR,strong_>20,1.0
UCDV1_02884,Scientific Reports supplementary table - HARHA-treated expansive soil CBR,10.1038/s41598-023-40903-1,mixed_stabilized_soil,CBR,,41.1,,,,,,,,,,32.8,14.0,18.8,,17.7,1.99,,,,,,,,,,10.6,,,,,,,,,,,,,,,,,,,,0.424,8.0,33.1,78.06603773584906,CBR,strong_>20,1.0
UCDV1_02885,Scientific Reports supplementary table - HARHA-treated expansive soil CBR,10.1038/s41598-023-40903-1,mixed_stabilized_soil,CBR,,42.4,,,,,,,,,,32.4,13.9,18.5,,17.71,1.99,,,,,,,,,,10.7,,,,,,,,,,,,,,,,,,,,0.428,8.0,34.4,80.37383177570094,CBR,strong_>20,1.0
UCDV1_02886,Scientific Reports supplementary table - HARHA-treated expansive soil CBR,10.1038/s41598-023-40903-1,mixed_stabilized_soil,CBR,,42.4,,,,,,,,,,32.4,13.9,18.5,,17.71,1.99,,,,,,,,,,10.7,,,,,,,,,,,,,,,,,,,,0.428,8.0,34.4,80.37383177570094,CBR,strong_>20,1.0
UCDV1_02887,Scientific Reports supplementary table - HARHA-treated expansive soil CBR,10.1038/s41598-023-40903-1,mixed_stabilized_soil,CBR,,43.2,,,,,,,,,,31.5,13.9,17.6,,17.71,1.99,,,,,,,,,,10.8,,,,,,,,,,,,,,,,,,,,0.43200000000000005,8.0,35.2,81.48148148148148,CBR,strong_>20,1.0
UCDV1_02888,Scientific Reports supplementary table - HARHA-treated expansive soil CBR,10.1038/s41598-023-40903-1,mixed_stabilized_soil,CBR,,43.2,,,,,,,,,,31.5,13.9,17.6,,17.71,1.99,,,,,,,,,,10.8,,,,,,,,,,,,,,,,,,,,0.43200000000000005,8.0,35.2,81.48148148148148,CBR,strong_>20,1.0
UCDV1_02889,Scientific Reports supplementary table - HARHA-treated expansive soil CBR,10.1038/s41598-023-40903-1,mixed_stabilized_soil,CBR,,43.5,,,,,,,,,,31.1,14.0,17.1,,17.7,1.99,,,,,,,,,,10.9,,,,,,,,,,,,,,,,,,,,0.436,8.0,35.5,81.42201834862385,CBR,strong_>20,1.0
UCDV1_02890,Scientific Reports supplementary table - HARHA-treated expansive soil CBR,10.1038/s41598-023-40903-1,mixed_stabilized_soil,CBR,,43.5,,,,,,,,,,31.1,14.0,17.1,,17.7,1.99,,,,,,,,,,10.9,,,,,,,,,,,,,,,,,,,,0.436,8.0,35.5,81.42201834862385,CBR,strong_>20,1.0
UCDV1_02891,Scientific Reports supplementary table - HARHA-treated expansive soil CBR,10.1038/s41598-023-40903-1,mixed_stabilized_soil,CBR,,44.0,,,,,,,,,,31.0,14.0,17.0,,17.7,1.99,,,,,,,,,,11.0,,,,,,,,,,,,,,,,,,,,0.44,8.0,36.0,81.81818181818181,CBR,strong_>20,1.0
UCDV1_02892,Scientific Reports supplementary table - HARHA-treated expansive soil CBR,10.1038/s41598-023-40903-1,mixed_stabilized_soil,CBR,,44.0,,,,,,,,,,31.0,14.0,17.0,,17.7,1.99,,,,,,,,,,11.0,,,,,,,,,,,,,,,,,,,,0.44,8.0,36.0,81.81818181818181,CBR,strong_>20,1.0
UCDV1_02895,Scientific Reports supplementary table - HARHA-treated expansive soil CBR,10.1038/s41598-023-40903-1,mixed_stabilized_soil,CBR,,44.5,,,,,,,,,,30.3,13.7,16.6,,17.63,1.99,,,,,,,,,,11.2,,,,,,,,,,,,,,,,,,,,0.44799999999999995,8.0,36.5,81.47321428571429,CBR,strong_>20,1.0
UCDV1_02896,Scientific Reports supplementary table - HARHA-treated expansive soil CBR,10.1038/s41598-023-40903-1,mixed_stabilized_soil,CBR,,44.5,,,,,,,,,,30.3,13.7,16.6,,17.63,1.99,,,,,,,,,,11.2,,,,,,,,,,,,,,,,,,,,0.44799999999999995,8.0,36.5,81.47321428571429,CBR,strong_>20,1.0
UCDV1_02897,Scientific Reports supplementary table - HARHA-treated expansive soil CBR,10.1038/s41598-023-40903-1,mixed_stabilized_soil,CBR,,44.6,,,,,,,,,,29.8,13.4,16.4,,17.57,1.99,,,,,,,,,,11.3,,,,,,,,,,,,,,,,,,,,0.452,8.0,36.6,80.97345132743362,CBR,strong_>20,1.0
UCDV1_02898,Scientific Reports supplementary table - HARHA-treated expansive soil CBR,10.1038/s41598-023-40903-1,mixed_stabilized_soil,CBR,,44.6,,,,,,,,,,29.8,13.4,16.4,,17.57,1.99,,,,,,,,,,11.3,,,,,,,,,,,,,,,,,,,,0.452,8.0,36.6,80.97345132743362,CBR,strong_>20,1.0
UCDV1_01778,Zenodo_19242690_Biopolymer_UCS_CBR_2026,10.1007/s12517-022-09552-y,biopolymer_multi_additive,CBR,,55.947,unsoaked,7.0,,CL,"Hilltop area, Nsukka, Nigeria ",26.0,,,,36.5,10.7,25.8,2.65,,1.73,,,0.0,,,,,,,,,0.1,,,,,,,,,,,,,,,,,,0.25,1.0,54.947,219.788,CBR,strong_>20,1.0
UCDV1_01782,Zenodo_19242690_Biopolymer_UCS_CBR_2026,10.1007/s12517-022-09552-y,biopolymer_multi_additive,CBR,,59.07,unsoaked,7.0,,CL,"Hilltop area, Nsukka, Nigeria ",26.0,,,,36.5,10.7,25.8,2.65,,1.73,,,0.0,,,,,,,,,0.2,,,,,,,,,,,,,,,,,,0.5,1.0,58.07,116.14,CBR,strong_>20,1.0
UCDV1_01786,Zenodo_19242690_Biopolymer_UCS_CBR_2026,10.1007/s12517-022-09552-y,biopolymer_multi_additive,CBR,,122.304,unsoaked,7.0,,CL,"Hilltop area, Nsukka, Nigeria ",26.0,,,,36.5,10.7,25.8,2.65,,1.73,,,0.0,,,,,,,,,0.3,,,,,,,,,,,,,,,,,,0.75,1.0,121.304,161.73866666666666,CBR,strong_>20,1.0
UCDV1_01889,Zenodo_19242690_Biopolymer_UCS_CBR_2026,10.1007/s40515-015-0020-0,biopolymer_multi_additive,CBR,,54.0,unsoaked,28.0,,CH,"BC soil , North Karnataka, India",24.0,51.0,21.0,,64.0,31.0,33.0,2.5,16.11,1.88,,,,,,,,,,,,,,,,,,,,,,,,,,,,,,0.0,1.0,53.0,,CBR,strong_>20,1.0
